# Blender 5.0.0
# www.blender.org
mtllib boat.mtl
o Cube
v 1.000000 1.000000 -1.000000
v 1.000000 -1.000000 -1.000000
v 1.000000 1.000000 1.000000
v 1.000000 -1.000000 1.000000
v -1.000000 1.000000 -1.000000
v -1.000000 -1.000000 -1.000000
v -1.000000 1.000000 1.000000
v -1.000000 -1.000000 1.000000
vn -0.0000 1.0000 -0.0000
vn -0.0000 -0.0000 1.0000
vn -1.0000 -0.0000 -0.0000
vn -0.0000 -1.0000 -0.0000
vn 1.0000 -0.0000 -0.0000
vn -0.0000 -0.0000 -1.0000
vt 0.625000 0.500000
vt 0.875000 0.500000
vt 0.875000 0.750000
vt 0.625000 0.750000
vt 0.375000 0.750000
vt 0.625000 1.000000
vt 0.375000 1.000000
vt 0.375000 0.000000
vt 0.625000 0.000000
vt 0.625000 0.250000
vt 0.375000 0.250000
vt 0.125000 0.500000
vt 0.375000 0.500000
vt 0.125000 0.750000
s 0
usemtl Material
f 1/1/1 5/2/1 7/3/1 3/4/1
f 4/5/2 3/4/2 7/6/2 8/7/2
f 8/8/3 7/9/3 5/10/3 6/11/3
f 6/12/4 2/13/4 4/5/4 8/14/4
f 2/13/5 1/1/5 3/4/5 4/5/5
f 6/11/6 5/10/6 1/1/6 2/13/6
o boat
v 128.470993 -25.817499 -0.869410
v 128.470993 -25.817499 0.798590
v 123.253403 -20.030300 -0.035410
v 101.523102 35.230900 4.356390
v 101.609100 34.855099 4.351490
v 101.551498 34.855099 4.324090
v 101.609100 35.230900 4.403389
v 101.278801 35.282799 4.579289
v 101.609100 35.282799 4.779089
v 101.114998 34.980400 4.733190
v 101.609100 34.980400 5.008090
v 101.609100 34.678001 4.779089
v 101.278801 34.678001 4.579289
v 101.094597 34.678001 4.260890
v 100.865601 34.980400 4.260890
v 101.094597 35.282799 4.260890
v 101.470398 35.230900 4.260890
v 101.522202 34.855099 4.260890
v 114.426300 34.766602 4.565289
v 101.094597 34.678001 -4.384611
v 101.522202 34.855099 -4.384611
v 101.470398 35.230900 -4.384611
v 101.094597 35.282799 -4.384611
v 100.865601 34.980400 -4.384611
v 101.114998 34.980400 -4.856911
v 101.278801 35.282799 -4.703011
v 101.609100 35.230900 -4.527111
v 101.523102 35.230900 -4.480111
v 101.278801 34.678001 -4.703011
v 101.551498 34.855099 -4.447811
v 101.609100 34.855099 -4.475211
v 114.426300 35.230900 -4.527112
v 114.426300 35.282799 -4.902812
v 115.268402 35.001499 -4.903912
v 114.426300 34.980400 -5.131812
v 115.131302 34.731098 -5.131812
v 115.245201 34.956501 -4.527912
v 114.426300 34.766602 -4.689012
v 101.609100 34.678001 -4.902811
v 115.034798 34.542000 -4.688312
v 101.609100 34.980400 -5.131811
v 101.609100 35.282799 -4.902811
v 142.472595 -0.080600 5.203788
v 144.457397 -0.080600 -0.031313
v 142.472595 1.314500 5.203788
v 144.457397 1.314500 -0.031313
v 142.472595 1.314500 -5.266512
v 142.472595 -0.080600 -5.266512
v 123.712799 1.314500 -4.764311
v 123.712799 1.314500 4.701589
v -11.548903 34.598701 -37.192299
v -11.155803 34.749100 -37.622398
v -11.385303 34.497601 -37.194099
v -11.306203 34.297600 -37.195099
v -10.942102 34.296101 -37.625000
v -10.970902 33.168900 -37.624298
v -10.599903 33.173100 -37.415401
v -11.334903 33.164001 -37.194401
v -10.932703 34.295799 -36.773300
v -10.912602 34.941299 -36.986198
v -11.146403 34.748798 -36.770802
v -10.566303 34.294300 -36.990299
v -10.595202 33.172699 -36.989601
v -10.571003 34.294498 -37.416100
v -10.917303 34.941502 -37.412102
v -11.552003 34.967701 -37.618000
v -10.961503 33.167999 -36.772598
v -32.482903 34.628101 -37.239201
v -33.053505 34.177898 -37.020199
v -32.729404 34.921101 -37.023399
v -33.048805 34.177700 -36.594299
v -32.724705 34.921001 -36.597599
v -32.473404 34.627800 -36.387600
v -32.085102 34.842400 -36.391800
v -32.091404 34.473801 -36.817699
v -11.542603 34.967300 -36.766300
v -32.677704 34.175999 -36.385502
v -33.080505 32.901199 -37.019600
v -33.075806 32.900799 -36.593800
v -32.704704 32.905102 -36.384998
v -32.340805 32.909901 -36.814800
v -32.313602 34.174599 -36.815399
v -32.270103 34.352001 -36.815800
v -32.687103 34.176399 -37.237099
v -32.094505 34.842701 -37.243401
v -32.714203 32.905899 -37.236599
v -32.085804 35.211300 -36.604599
v -11.543403 35.336201 -36.979099
v -32.090504 35.211399 -37.030399
v -11.548103 35.336399 -37.404900
v -102.303902 0.000000 6.211709
v -108.454399 -0.000000 -1.097590
v -102.303902 -0.000000 -8.406792
v -76.864700 0.000001 16.925907
v -76.864700 -0.000001 -19.120993
v -48.934498 0.000001 23.787905
v -48.934505 -0.000001 -25.982996
v -17.160398 0.000001 27.436102
v -17.160402 -0.000001 -29.631298
v 64.799400 0.000001 25.869493
v 64.799400 -0.000001 -28.064606
v 119.091400 0.000001 23.986591
v 119.091400 -0.000001 -26.181709
v 123.712799 -0.080600 4.701589
v 123.712799 -0.080600 -4.764311
v -83.964798 27.758898 -25.302395
v -84.236000 28.252699 -25.239994
v -83.964798 27.758902 24.597006
v -84.236000 28.252703 24.534605
v -69.389000 4.394599 -22.329094
v -69.389000 4.394601 20.040007
v -111.569603 31.382500 6.099308
v -111.569603 31.382500 -9.025691
v -32.122902 22.519499 -33.369900
v -32.269203 22.146599 -33.369301
v -32.122894 22.519503 31.226301
v -32.269196 22.146603 31.226202
v -14.239003 22.088697 -33.956600
v -14.385202 22.668398 -33.957001
v -14.238997 22.077402 31.967199
v -14.385197 22.668402 31.967199
v -14.239003 1.839999 -29.404598
v -14.238998 1.840001 26.851702
v -32.269196 2.215901 25.408401
v -32.269203 2.215899 -27.579098
v 120.147797 33.067902 14.587788
v 119.999496 33.067902 30.048489
v 120.457199 24.690100 14.587789
v 120.317101 24.690102 30.266188
v 119.091400 22.728502 28.947388
v 119.091400 22.728500 14.587789
v 119.091400 13.538101 27.983988
v 119.091400 22.728500 -16.870512
v 118.750900 28.433201 -16.870512
v 119.091400 13.538099 -30.179111
v 119.091400 22.728498 -31.142611
v 118.750900 28.433201 14.587789
v -66.695396 4.711399 -22.253895
v -39.673603 4.711298 -27.273296
v -56.236504 33.075500 -32.512096
v -43.177204 33.076099 -34.286297
v -30.118103 33.075100 -35.204300
v -4.254003 4.711298 -29.327600
v -3.987703 33.071999 -35.653702
v 26.298798 4.711298 -29.085602
v 26.371096 33.072498 -35.745102
v 55.203094 33.075298 -34.817009
v 87.864403 33.068901 -32.667606
v 117.244598 4.711199 -26.060709
v 117.244698 33.130600 -29.663311
v -111.492897 33.075401 -1.097592
v -102.278801 4.711700 -1.097591
v -110.277802 33.081200 -6.203392
v -106.908401 33.079601 -11.007092
v -102.117897 33.079601 -15.198392
v -88.815697 4.711599 -13.613293
v -96.651001 33.076500 -18.951092
v -88.363899 33.077000 -23.234194
v -78.329597 33.075199 -27.315393
v -65.709000 33.075199 -30.724997
v 117.244598 28.433201 -16.870512
v 117.244698 33.068600 -16.870512
v 120.147797 33.067902 -16.870512
v 120.457199 24.690100 -16.870512
v 119.852600 33.259102 -32.095711
v 117.716202 33.259102 -29.909012
v 119.947098 33.259102 -17.085611
v 117.639198 33.259102 -17.134611
v 119.999496 33.067902 -32.243610
v 120.317101 24.690098 -32.461311
v 10.970197 24.690098 -37.172203
v 55.386196 24.690199 -36.874706
v 55.492294 22.728498 -34.767208
v 86.877403 24.690199 -35.100609
v -98.154999 22.728500 -21.267893
v -89.428200 24.689999 -27.519192
v -79.445396 22.728498 -28.473295
v -79.305099 24.689999 -30.896395
v -66.705002 24.689999 -33.984795
v -61.265102 22.728498 -32.641098
v -55.167103 24.689999 -35.812496
v -43.701504 24.690098 -36.970196
v -29.601704 22.728498 -36.319599
v -29.799105 24.690098 -37.876900
v -114.608101 13.538100 -1.097591
v -119.896103 22.728500 -1.097590
v -117.649498 22.728500 -6.377391
v -107.168098 13.538100 -9.975291
v -112.446297 22.728500 -12.226292
v -85.055199 13.538099 -21.555693
v -61.430103 13.538099 -28.680195
v -30.061102 13.538099 -32.525597
v 57.072495 13.538098 -33.058704
v -119.942596 33.229900 0.944909
v -119.945999 33.754299 0.945709
v -120.044502 33.229900 0.911709
v -120.047997 33.753799 0.912509
v -119.896896 33.868500 0.935309
v -119.970001 33.941601 0.896009
v -119.801697 33.923401 0.915109
v -119.813400 34.016300 0.862809
v -119.874001 33.229900 0.820809
v -119.877502 33.754799 0.821609
v -119.867203 33.799599 0.819409
v -119.823502 33.830601 0.810109
v -117.835602 33.912701 0.437309
v -117.813797 34.005600 0.542309
v -117.825500 34.098400 0.490009
v -117.847702 34.098400 0.385109
v -119.835602 34.016300 0.757909
v -119.992203 33.941601 0.791209
v -120.070198 33.753799 0.807709
v -120.066704 33.229900 0.806909
v -117.691498 34.000599 0.352009
v -117.858299 34.005600 0.332609
v -119.846199 33.923500 0.705409
v -119.941299 33.868500 0.725609
v -119.990501 33.754299 0.736009
v -119.987099 33.229900 0.735209
v -117.662102 33.838100 0.510109
v -117.669197 34.000500 0.456809
v -117.715797 33.951500 0.521509
v -117.582397 33.838600 0.438409
v -117.604599 33.838600 0.333509
v -117.706497 33.838100 0.300409
v -117.760300 33.951500 0.311809
v -117.795097 33.887699 0.428709
v -117.775101 33.837601 0.424509
v -117.771599 33.229900 0.423709
v -117.703102 33.229900 0.299609
v -117.601196 33.229900 0.332709
v -117.578903 33.229900 0.437609
v -117.658600 33.229900 0.509309
v -10.924498 34.296101 34.302502
v -11.311398 34.297600 34.712002
v -11.138097 34.749100 34.293400
v -11.390397 34.497601 34.708698
v -11.553897 34.598701 34.701599
v -10.565297 34.294498 34.531200
v -10.911297 34.941502 34.516399
v -11.533897 34.967701 34.276402
v -32.066395 34.842701 33.535599
v -32.086395 34.473801 33.960899
v -32.454395 34.628101 33.518799
v -32.264996 34.352001 33.953098
v -32.658497 34.176399 33.509701
v -32.308395 34.174599 33.951099
v -32.712296 34.921101 33.720798
v -32.073997 35.211399 33.748600
v -32.730698 34.921001 34.146301
v -32.092396 35.211300 34.174000
v -11.559897 35.336201 34.914799
v -11.541497 35.336399 34.489300
v -10.583697 34.294300 34.956600
v -10.929697 34.941299 34.941898
v -11.570697 34.967300 35.127300
v -32.103195 34.842400 34.386501
v -32.491295 34.627800 34.369598
v -33.054497 34.177700 34.132000
v -33.036095 34.177898 33.706501
v -32.695297 34.175999 34.360600
v -32.335598 32.909901 33.950199
v -32.685497 32.905899 33.508801
v -33.063095 32.901199 33.705601
v -33.081497 32.900799 34.131001
v -32.722298 32.905102 34.359699
v -11.174897 34.748798 35.144299
v -10.961297 34.295799 35.153400
v -11.340097 33.164001 34.711102
v -10.990097 33.167999 35.152500
v -10.612597 33.172699 34.955700
v -10.594197 33.173100 34.530300
v -10.953298 33.168900 34.301601
v 54.479702 33.164001 34.007591
v 54.508404 34.297600 34.006493
v 54.838203 33.168900 33.573093
v 54.867004 34.296101 33.571991
v 55.211903 33.173100 33.777092
v 54.653305 34.749100 33.577293
v 54.429302 34.497601 34.008492
v 54.265705 34.598701 34.012394
v 33.332905 34.628101 34.233196
v 33.729805 34.473801 34.649597
v 33.551105 34.352001 34.653896
v 33.721203 34.842701 34.223995
v 54.257202 34.967701 33.586792
v 54.894505 34.941502 33.784592
v 55.240704 34.294498 33.776093
v 55.250904 34.294300 34.201794
v 33.128803 34.176399 34.237896
v 32.765102 34.177898 34.459595
v 33.089203 34.921101 34.452095
v 32.775303 34.177700 34.885296
v 33.122005 32.905102 35.090195
v 33.149105 34.175999 35.089294
v 32.748302 32.900799 34.886196
v 32.738205 32.901199 34.460396
v 33.101704 32.905899 34.238796
v 33.480404 32.909901 34.655697
v 33.507603 34.174599 34.654797
v 33.727905 35.211399 34.436996
v 54.263905 35.336399 33.799793
v 33.099304 34.921001 34.877796
v 33.353203 34.627800 35.084595
v 54.274002 35.336201 34.225491
v 33.738102 35.211300 34.862698
v 33.741505 34.842400 35.075497
v 54.277504 34.967300 34.438194
v 54.904602 34.941299 34.210293
v 54.673603 34.748798 34.428692
v 54.887302 34.295799 34.423393
v 55.222004 33.172699 34.202892
v 54.858505 33.167999 34.424492
v -123.211601 24.689899 -1.097590
v -122.711601 24.689899 -4.241790
v -121.373497 24.689899 -6.680090
v -118.380402 24.689899 -10.199591
v -114.363503 24.689899 -13.971392
v -107.740402 24.689899 -18.709892
v -98.897797 24.689999 -23.490593
v 56.111298 21.511698 -26.359106
v 56.087696 21.687698 -26.707106
v 38.899696 21.511698 -26.359104
v 38.923298 21.687698 -26.707104
v 38.747395 21.511698 -26.511503
v 38.899696 19.927898 -26.359104
v 38.747395 19.927898 -26.511503
v 56.111298 19.927898 -26.359106
v 56.263596 19.927898 -26.511505
v 56.263596 21.511698 -26.511505
v 56.263596 21.511698 -32.917309
v 56.087696 21.687698 -32.917309
v 38.923298 21.687698 -34.006104
v 38.747395 21.511698 -34.006104
v 38.747395 19.927898 -33.594105
v 56.263596 19.927898 -32.917309
v -98.897797 33.067902 -23.490593
v -107.740402 33.067902 -18.709892
v -114.363503 33.068001 -13.971392
v -118.380402 33.068001 -10.199592
v -121.373497 33.068001 -6.680091
v -122.711601 33.068001 -4.241791
v -123.211601 33.068001 -1.097591
v 38.899704 21.511702 24.881296
v 38.923306 21.687702 25.176596
v 56.111305 21.511702 24.881294
v 56.087704 21.687702 25.176594
v 56.263603 21.511702 25.033695
v 56.111305 19.927902 24.881294
v 56.263603 19.927902 25.033695
v 38.899704 19.927902 24.881296
v 38.747402 19.927902 25.033697
v 38.747402 21.511702 25.033697
v 38.747402 21.511702 31.819296
v 38.923306 21.687702 31.819296
v 56.087704 21.687702 30.850794
v 56.263603 21.511702 30.850794
v 56.263603 19.927902 30.850794
v 38.747402 19.927902 31.585497
v -43.701504 33.067902 -36.970196
v -55.167103 33.067902 -35.812496
v -66.705002 33.067902 -33.984795
v -79.305099 33.067902 -30.896395
v -89.428200 33.067902 -27.519194
v 86.877403 33.067799 -35.100609
v 55.386196 33.067799 -36.874706
v 25.497496 33.067902 -38.059704
v -4.431103 33.067902 -38.298500
v -29.799105 33.067902 -37.876900
v -89.379501 33.259701 -27.332695
v -98.808800 33.259800 -23.320593
v -88.378998 33.259102 -23.503794
v -96.719902 33.259102 -19.141792
v -102.270699 33.259102 -15.373693
v -107.355103 33.259800 -18.721992
v -107.106697 33.259102 -11.171493
v -114.007301 33.259899 -14.010891
v -110.519302 33.259102 -6.313192
v -118.092102 33.259998 -10.222892
v -121.119698 33.260101 -6.703191
v -111.739304 33.259102 -1.097592
v -122.500504 33.260201 -4.253791
v -123.019897 33.260201 -1.097591
v -29.821203 33.259399 -37.684299
v -43.662304 33.259499 -36.780994
v -30.077604 33.259102 -35.451401
v -43.195705 33.259102 -34.534496
v -55.232304 33.259499 -35.610695
v -56.147404 33.259102 -32.776096
v -66.644897 33.259602 -33.801395
v -65.717903 33.259102 -30.975397
v -78.346199 33.259102 -27.568794
v -79.251999 33.259602 -30.712194
v 86.943802 33.259102 -34.899906
v 87.601601 33.259102 -32.910606
v 55.252197 33.259102 -35.074306
v 55.520298 33.259102 -36.674809
v 26.295696 33.259102 -35.981705
v 25.553797 33.259201 -37.866104
v -4.018703 33.259102 -35.886902
v -4.398304 33.259300 -38.106899
v 55.015301 19.927900 0.039994
v 54.667000 19.927900 -0.308306
v 55.015301 21.511700 0.039994
v 40.343899 21.511700 -0.308304
v 39.995602 19.927900 0.039996
v 39.995602 21.511700 0.039996
v 40.343899 19.927900 -0.308304
v 47.505501 21.511700 -0.308305
v 54.667000 21.511700 -0.308306
v 54.636700 21.816099 0.191094
v 47.505501 21.856600 0.191095
v 40.374298 21.816099 0.191096
v 40.374298 21.894199 11.568595
v 39.995602 21.511700 11.568595
v 40.374302 21.816101 22.945995
v 39.995605 21.511702 23.097095
v 39.995605 19.927902 23.097095
v 40.343903 21.511702 23.445396
v 47.505505 21.511702 23.445395
v 47.505505 21.851103 22.945993
v 47.505501 22.253500 11.568595
v 54.636700 21.894199 11.568594
v 55.015301 21.511700 11.568594
v 54.636703 21.816101 22.945993
v 55.015305 19.927902 23.097094
v 55.015305 21.511702 23.097094
v 54.667004 21.511702 23.445395
v 54.667004 19.927902 23.445395
v 40.343903 19.927902 23.445396
v 54.881901 21.511700 -13.067406
v 54.881901 21.511700 -1.534806
v 54.881901 19.927900 -1.534806
v 54.881897 19.927898 -24.599905
v 54.692398 19.927898 -24.789505
v 54.881897 21.511698 -24.599905
v 54.585297 21.687698 -24.386705
v 54.585300 21.747801 -13.067406
v 47.505501 22.008400 -13.067405
v 54.585300 21.687700 -1.748006
v 47.505501 21.725201 -1.748005
v 47.505501 21.511700 -1.345205
v 54.692402 21.511700 -1.345206
v 40.460098 21.747801 -13.067405
v 47.505497 21.725199 -24.386705
v 47.505497 21.511698 -24.789505
v 54.692398 21.511698 -24.789505
v 54.692402 19.927900 -1.345206
v 40.318600 19.927900 -1.345204
v 40.318600 21.511700 -1.345204
v 40.129002 21.511700 -1.534804
v 40.460098 21.687700 -1.748005
v 40.129002 21.511700 -13.067405
v 40.129002 19.927900 -1.534804
v 40.128998 19.927898 -24.599903
v 40.128998 21.511698 -24.599903
v 40.318596 19.927898 -24.789503
v 40.318596 21.511698 -24.789503
v 40.460094 21.687698 -24.386703
v 137.390305 -12.153600 -1.931411
v 136.146103 -13.258900 -7.843311
v 138.979996 -15.227700 0.934588
v 140.252899 -21.200600 -0.439311
v 139.134705 -21.684299 -5.181811
v 136.891098 -17.333200 -9.214211
v 138.003906 -20.747400 -8.307511
v 138.419098 -20.764601 -8.297011
v 137.307693 -17.365601 -9.213712
v 136.552704 -13.259500 -7.848311
v 139.551605 -21.692499 -5.155612
v 140.659500 -21.201200 -0.444311
v 139.386597 -15.228200 0.929588
v 137.796906 -12.154100 -1.936412
v 138.918900 -12.981200 1.736488
v 137.360596 -16.535400 -0.528511
v 139.867706 -13.435700 7.317089
v 135.841904 -22.617599 1.465589
v 136.857300 -22.302601 6.182789
v 139.056793 -17.295401 9.394789
v 138.064407 -20.586201 9.370089
v 139.325500 -12.981200 1.736488
v 140.274307 -13.435700 7.317089
v 136.248505 -22.617599 1.465589
v 137.767197 -16.535400 -0.528511
v 139.473404 -17.263100 9.394388
v 138.479507 -20.566999 9.382289
v 137.273895 -22.289200 6.212289
v 136.963898 -4.183100 2.769088
v 137.380493 -4.165400 2.741988
v 138.064407 -2.826300 -0.207412
v 138.479507 -2.826300 -0.230212
v 139.163406 -4.165400 -3.179712
v 139.580002 -4.183100 -3.206712
v 140.557602 -8.173700 -5.850712
v 140.151001 -8.173700 -5.850712
v 136.531799 -8.173700 5.037289
v 136.125198 -8.173700 5.037289
v 138.918900 -13.350900 -2.518312
v 137.360596 -13.350900 1.696289
v 137.767197 -13.350900 1.696289
v 139.325500 -13.350900 -2.518312
v 142.085007 -13.333600 2.446788
v 142.085007 -15.143600 1.697088
v 142.085007 -11.523600 1.697088
v 142.085007 -10.773900 -0.022812
v 142.085007 -15.893300 -0.022812
v 142.085007 -11.523600 -1.742612
v 142.085007 -15.143600 -1.742612
v 142.085007 -13.333600 -2.492312
v 127.334503 -14.632000 -1.924211
v 127.334503 -15.372200 -0.022810
v 127.334503 -12.845000 -2.664310
v 127.334503 -11.058000 -1.924211
v 127.334503 -10.317900 -0.022811
v 127.334503 -11.058000 1.878589
v 123.069099 -12.845000 -0.022810
v 127.334503 -14.632000 1.878590
v 127.334503 -12.845000 2.618789
v 145.541901 36.259998 6.222386
v 144.163803 36.258499 9.019686
v 142.542999 34.911499 7.955486
v 146.879303 36.260201 -0.022814
v 145.541901 36.259998 -6.267914
v 142.542999 34.911499 -8.001114
v 144.163803 36.258499 -9.065314
v 138.599304 29.713600 -5.813014
v 138.599304 29.713600 5.767386
v 135.577499 23.484501 -3.903813
v 135.577499 23.484501 3.858287
v 133.265793 15.891600 -2.294212
v 133.265793 15.891600 2.248588
v 133.123093 -25.817499 -0.593810
v 133.103607 -25.895000 0.535590
v 121.733803 23.484501 -2.743212
v 123.071701 15.891600 -0.022811
v 121.733803 23.484501 2.697588
v 119.148804 29.713600 5.358688
v 119.148804 29.713600 -5.404212
v 115.902802 35.188400 8.550589
v 115.902802 35.188400 -8.596211
v 113.470596 36.258900 10.101588
v 107.744102 36.259300 9.043089
v 105.764603 36.259399 6.582689
v 104.596199 36.259399 -0.022811
v 105.764603 36.259399 -6.628211
v 107.744102 36.259300 -9.088712
v 113.470596 36.258900 -10.147211
v 125.728203 36.258900 11.081688
v 125.834503 35.615398 9.904488
v 140.161896 36.258801 10.603886
v 126.997299 29.713600 6.569588
v 127.860001 23.484501 4.603388
v 128.458496 15.891600 3.489788
v 143.117905 44.332802 8.397985
v 126.518097 55.263401 5.494187
v 141.260193 53.837399 5.442785
v 126.804604 56.070400 -0.022814
v 139.759293 52.393799 8.378985
v 142.164795 52.319199 7.448285
v 139.645798 44.333500 10.042485
v 125.709900 44.333698 10.553987
v 113.726898 44.333900 9.573889
v 114.030197 52.393902 8.264288
v 126.285896 52.939201 8.790787
v 112.377800 54.095699 5.545688
v 112.360802 54.768902 -0.022812
v 126.518097 55.263401 -5.539814
v 141.260193 53.837399 -5.488415
v 139.759293 52.393799 -8.424515
v 108.980400 44.334499 8.545588
v 110.454201 52.131901 7.592088
v 144.496201 44.332802 5.611385
v 143.143707 52.319199 5.299785
v 141.248398 54.520401 -0.022815
v 143.143707 52.319199 -5.345415
v 142.164795 52.319199 -7.493915
v 144.496201 44.332802 -5.657015
v 143.117905 44.332802 -8.443614
v 145.833694 44.332802 -0.022815
v 144.481201 52.319199 -0.022815
v 102.434799 37.931099 8.042290
v 102.702698 37.307800 7.707089
v 102.701103 37.931099 7.706689
v 102.573997 38.190498 8.269690
v 102.951401 38.190498 7.766890
v 102.435699 37.307800 8.043690
v 102.697502 36.836399 7.944190
v 102.014801 37.931099 8.126690
v 101.954597 38.190498 8.376989
v 101.451897 38.190498 7.999589
v 102.844002 38.190498 7.147590
v 102.906097 55.690899 7.755989
v 102.550499 55.690899 8.231289
v 101.965500 55.691002 8.331689
v 101.490303 55.691002 7.976089
v 101.389801 55.691002 7.391189
v 101.344597 38.190498 7.380290
v 101.745399 55.690899 6.915889
v 102.805603 55.691002 7.170989
v 101.721901 38.190498 6.877490
v 102.330399 55.690899 6.815488
v 102.341301 38.190498 6.770189
v 102.281097 37.931099 7.020490
v 102.616600 37.931099 7.286689
v 102.281403 37.307800 7.018889
v 102.617996 37.307800 7.285890
v 102.495903 36.893200 6.904190
v 103.643799 35.616501 6.529490
v 102.779297 35.977299 6.785089
v 103.655502 36.080399 6.569290
v 103.093002 36.339500 6.749690
v 102.099701 36.698898 6.961490
v 101.860199 37.307800 7.103489
v 101.861099 37.931099 7.104889
v 101.594803 37.931099 7.440489
v 102.809097 36.980202 7.180490
v 103.358704 36.538700 7.051589
v 103.763496 36.348301 6.934690
v 125.030502 35.848400 0.228388
v 125.166298 35.214600 0.687788
v 125.210098 36.327499 0.836087
v 101.869904 36.457401 7.298090
v 102.636002 35.637600 7.104790
v 103.719704 35.235401 6.786389
v 103.851196 35.194000 7.231289
v 125.346001 35.693802 1.295588
v 103.959297 35.461800 7.596690
v 103.971001 35.925800 7.636489
v 102.733299 35.593700 7.559790
v 103.011200 35.871399 7.845689
v 101.956902 36.424000 7.746689
v 103.332603 36.236900 7.813190
v 102.899803 36.964600 7.613589
v 103.461899 36.505299 7.498990
v 103.895103 36.306900 7.379590
v 107.866600 52.115700 -0.022812
v 107.094803 44.334499 -5.963011
v 105.901001 44.334499 -0.022811
v 107.094803 44.334499 5.917388
v 109.035004 52.131901 5.686388
v 109.035004 52.131901 -5.732012
v 108.980400 44.334499 -8.591111
v 110.454201 52.131901 -7.637612
v 112.377800 54.095699 -5.591212
v 114.030197 52.393902 -8.309913
v 126.285896 52.939201 -8.836413
v 125.709900 44.333698 -10.599613
v 139.645798 44.333500 -10.088015
v 140.161896 36.258801 -10.649514
v 125.728203 36.258900 -11.127313
v 113.726898 44.333900 -9.619411
v 54.263798 34.598701 -36.168106
v 54.679897 34.749100 -36.576008
v 54.427296 34.497601 -36.160908
v 54.506298 34.297600 -36.157509
v 54.893394 34.296101 -36.566807
v 54.864597 33.168900 -36.567707
v 55.223595 33.173100 -36.338806
v 54.477596 33.164001 -36.158409
v 33.363995 34.628101 -37.363705
v 33.731796 34.473801 -36.921402
v 33.553196 34.352001 -36.929203
v 33.751995 34.842701 -37.346603
v 54.283997 34.967701 -36.593307
v 54.906498 34.941502 -36.352806
v 55.252495 34.294498 -36.337906
v 55.233795 34.294300 -35.912506
v 33.105995 34.921101 -37.161804
v 33.744297 35.211399 -37.133602
v 33.087296 34.921001 -36.736305
v 33.725597 35.211300 -36.708202
v 54.257595 35.336201 -35.954906
v 54.276295 35.336399 -36.380306
v 33.714695 34.842400 -36.495705
v 54.246696 34.967300 -35.742409
v 33.326595 34.627800 -36.512802
v 32.763496 34.177700 -36.750805
v 32.782196 34.177898 -37.176304
v 33.159897 34.176399 -37.372803
v 33.122597 34.175999 -36.522003
v 33.095497 32.905102 -36.522903
v 32.736496 32.900799 -36.751804
v 32.755196 32.901199 -37.177204
v 33.132896 32.905899 -37.373802
v 33.482597 32.909901 -36.932205
v 33.509697 34.174599 -36.931202
v 54.887794 34.941299 -35.927406
v 54.642498 34.748798 -35.725109
v 54.856094 34.295799 -35.715908
v 55.204998 33.172699 -35.913406
v 54.827297 33.167999 -35.716808
v 86.877403 33.067799 32.905392
v 55.520306 33.259102 34.479691
v 55.386204 33.067799 34.679493
v 86.943802 33.259102 32.704792
v 119.852600 33.259102 29.900589
v -55.232296 33.259499 33.415604
v -55.167095 33.067902 33.617302
v -43.662296 33.259499 34.585903
v -43.701496 33.067902 34.775105
v -29.821196 33.259399 35.489201
v -29.799097 33.067902 35.681702
v -4.398297 33.259300 35.911701
v -4.431097 33.067902 36.103298
v 25.497503 33.067902 35.864597
v 25.553804 33.259201 35.670998
v -98.897797 33.067902 21.295507
v -107.355103 33.259800 16.526907
v -107.740402 33.067902 16.514807
v -98.808800 33.259800 21.125507
v -89.379501 33.259701 25.137606
v -89.428200 33.067902 25.324106
v -79.251999 33.259602 28.517105
v -79.305099 33.067902 28.701305
v -66.705002 33.067902 31.789703
v -66.644897 33.259602 31.606304
v -122.711601 33.068001 2.046709
v -122.500504 33.260201 2.058709
v -121.373497 33.068001 4.485009
v -121.119698 33.260101 4.508109
v -118.380402 33.068001 8.004509
v -118.092102 33.259998 8.027709
v -114.363503 33.068001 11.776309
v -114.007301 33.259899 11.815808
v 125.834503 35.615398 -9.950112
v 126.997299 29.713600 -6.615212
v 127.860001 23.484501 -4.648912
v 128.458496 15.891600 -3.535312
v 94.432198 35.883301 9.944190
v 94.568802 35.394199 10.103291
v 94.588600 35.674301 10.136491
v 94.378601 35.266399 9.859591
v 94.241997 35.755600 9.700490
v 94.222198 35.475498 9.667291
v 115.271896 35.017799 4.778089
v 114.426300 34.980400 5.008089
v 115.135101 34.749001 5.008089
v 114.426300 35.282799 4.779088
v 114.426300 35.230900 4.403389
v 115.248100 34.970200 4.402489
v 115.038002 34.556801 4.565989
v 117.244698 33.068600 14.587789
v 117.244598 28.433201 14.587789
v 117.244698 33.130600 27.468189
v 117.244598 4.711201 23.865591
v 97.066101 35.388100 8.658489
v 97.012001 36.024899 8.579989
v 96.643402 35.356701 9.044790
v 96.988800 35.849602 7.693490
v 96.477203 36.017399 7.822390
v 97.149902 35.987301 7.915190
v 96.746300 36.249100 8.197689
v 97.306297 35.854099 8.142989
v 97.336800 35.479698 8.189989
v 97.149803 35.248402 7.922590
v 96.750504 34.993500 8.207291
v 96.286697 34.906502 8.535391
v 96.427299 35.379101 7.753490
v 95.922096 35.346500 8.022791
v 95.975197 36.072201 8.103991
v 95.526703 36.028099 8.472490
v 95.481697 35.364601 8.395691
v 95.312599 35.270599 9.219191
v 95.138298 35.474499 8.973591
v 95.816399 34.963001 8.866791
v 96.958298 35.474300 7.653990
v 96.577904 36.080700 8.957890
v 96.274597 36.332901 8.529791
v 95.798203 36.267700 8.866691
v 95.299797 35.941502 9.221590
v 95.159302 35.814899 9.013591
v 96.144302 35.373901 9.334591
v 95.483704 35.479401 9.462991
v 95.449799 35.819000 9.425290
v 96.080803 36.035900 9.257590
v -66.695396 4.711401 20.058805
v -56.236496 33.075500 30.317003
v -39.673595 4.711301 25.078203
v -65.709000 33.075199 28.529903
v -78.329597 33.075199 25.120306
v -88.815697 4.711600 11.418207
v -88.363899 33.077000 21.039106
v -96.651001 33.076500 16.756008
v -102.117897 33.079601 13.003307
v -106.908401 33.079601 8.812008
v -110.277802 33.081200 4.008308
v 101.593201 37.307800 7.440090
v 101.677902 37.307800 7.861290
v 101.679199 37.931099 7.860489
v 102.014397 37.307800 8.128289
v 102.296204 36.633400 8.006189
v 117.432404 28.784599 -5.170911
v 117.432404 28.279900 -5.170911
v 117.432404 28.784599 -4.357711
v 117.432404 28.279900 -4.357711
v 119.516197 28.784599 -5.170912
v 119.575500 23.058599 -5.170911
v 118.677399 23.058599 -5.170911
v 87.864403 33.068901 30.472490
v 26.298801 4.711301 26.890398
v 55.203102 33.075298 32.621891
v 26.371103 33.072498 33.549995
v -3.987697 33.071999 33.458599
v -4.253998 4.711301 27.132500
v -30.118095 33.075100 33.009201
v -43.177197 33.076099 32.091206
v -98.154999 22.728500 19.072807
v -79.445396 22.728502 26.278206
v -89.428200 24.690002 25.324108
v -79.305099 24.690002 28.701305
v -66.705002 24.690002 31.789703
v -61.265095 22.728502 30.445904
v -55.167095 24.690002 33.617302
v -43.701496 24.690102 34.775105
v -29.601696 22.728502 34.124500
v -29.799097 24.690102 35.681702
v 10.970202 24.690102 34.977097
v 55.492302 22.728502 32.572094
v 55.386204 24.690203 34.679493
v 86.877403 24.690203 32.905392
v 119.516197 28.784599 -4.357712
v 119.575500 23.058599 -4.357711
v 118.677399 23.058599 -4.357711
v 38.362095 20.002398 -33.714005
v 38.180397 19.913998 -33.694305
v 38.362103 20.002401 31.579296
v 38.180405 19.914001 31.584797
v 56.882195 19.913998 -31.974106
v 56.700596 20.002398 -32.110508
v 56.882202 19.914001 29.869595
v 56.700603 20.002401 30.006094
v 56.882195 3.575599 -28.671106
v 56.882202 3.575601 26.981495
v 38.180405 3.149901 26.924696
v 38.180397 3.149899 -29.073704
v 115.688400 34.230499 -5.131211
v 115.948898 34.385700 -4.903311
v 115.905197 34.360100 -4.527311
v 115.505798 34.122299 -4.687711
v 118.968300 27.891399 -4.687711
v 119.169296 27.959700 -5.131211
v 119.456100 28.058001 -4.903311
v 119.408096 28.041901 -4.527311
v 115.915001 34.370098 4.403089
v 115.960503 34.397598 4.778589
v 115.701202 34.243599 5.008688
v 115.516403 34.133099 4.566588
v 118.980904 27.899799 4.566588
v 119.419701 28.049700 4.403089
v 119.470001 28.067200 4.778589
v 119.184502 27.969900 5.008688
v -98.897797 24.690001 21.295507
v -107.740402 24.689899 16.514807
v -114.363503 24.689899 11.776309
v -118.380402 24.689899 8.004510
v -121.373497 24.689899 4.485010
v -122.711601 24.689899 2.046710
v 117.639198 33.259102 14.939388
v 119.947098 33.259102 14.890488
v 117.716202 33.259102 27.713888
v -30.077597 33.259102 33.256302
v -4.018697 33.259102 33.691700
v 26.295704 33.259102 33.786594
v 55.252205 33.259102 32.879192
v 87.601601 33.259102 30.715391
v -88.378998 33.259102 21.308706
v -78.346199 33.259102 25.373705
v -65.717903 33.259102 28.780203
v -56.147396 33.259102 30.581003
v -43.195698 33.259102 32.339405
v -110.519302 33.259102 4.118108
v -107.106697 33.259102 8.976408
v -102.270699 33.259102 13.178608
v -96.719902 33.259102 16.946707
v -117.649498 22.728500 4.182309
v -107.168098 13.538100 7.780209
v -112.446297 22.728500 10.031209
v -85.055199 13.538101 19.360607
v -61.430096 13.538101 26.485106
v -30.061098 13.538101 30.330502
v 57.072502 13.538101 30.863594
v 110.968399 35.580399 -2.215811
v 110.811996 35.789501 -2.408111
v 110.831802 36.069500 -2.375011
v 111.022003 36.197300 -2.131311
v 111.178398 35.988201 -1.939011
v 111.158600 35.708099 -1.972111
v 118.677399 23.058599 5.084488
v 118.696999 23.136000 4.258688
v 119.575500 23.058599 5.084488
v 119.575500 23.058599 4.271288
v 119.516197 28.784599 4.271288
v 119.516197 28.784599 5.084488
v 117.381699 28.862499 4.258688
v 117.381699 28.357800 4.258688
v 117.362198 28.785000 5.084488
v 117.362198 28.280300 5.084488
vn -0.7427 -0.6696 -0.0000
vn 0.4425 0.7679 -0.4631
vn 0.2150 -0.5263 -0.8226
vn 0.5937 -0.5483 -0.5890
vn 0.1720 0.7510 -0.6376
vn -0.3168 0.8955 0.3127
vn -0.1341 0.8897 0.4365
vn -0.7159 -0.0000 0.6982
vn -0.2304 -0.0000 0.9731
vn -0.2291 -0.5989 0.7674
vn -0.5718 -0.5964 0.5633
vn -0.7720 -0.5965 0.2195
vn -0.9752 -0.0000 0.2214
vn -0.4350 0.8914 0.1274
vn 0.6352 0.7541 -0.1668
vn 0.8227 -0.5304 -0.2044
vn 0.9029 0.1040 -0.4170
vn 0.3029 -0.9061 -0.2954
vn 0.0927 -0.9199 -0.3810
vn -0.0574 -0.3307 -0.9420
vn 0.3811 -0.9202 -0.0890
vn 0.3811 -0.9202 0.0890
vn 0.8227 -0.5304 0.2044
vn 0.6352 0.7541 0.1668
vn -0.4350 0.8914 -0.1274
vn -0.9752 -0.0000 -0.2214
vn -0.7159 -0.0000 -0.6982
vn -0.3168 0.8955 -0.3127
vn 0.1667 0.7532 0.6363
vn 0.4628 0.7537 0.4666
vn 0.3029 -0.9061 0.2954
vn 0.5935 -0.5481 0.5894
vn 0.2100 -0.5292 0.8221
vn 0.1029 0.5675 0.8169
vn 0.1441 0.9202 -0.3639
vn 0.2993 0.8817 -0.3647
vn -0.0170 -0.1519 -0.9883
vn -0.0648 -0.1675 -0.9837
vn 0.1786 0.5473 0.8177
vn -0.0545 -0.3326 0.9415
vn 0.0927 -0.9199 0.3810
vn -0.1146 -0.3071 0.9448
vn -0.1628 -0.8851 -0.4359
vn -0.3123 -0.8475 -0.4293
vn -0.2252 -0.0031 -0.9743
vn -0.2216 -0.5959 -0.7719
vn -0.5718 -0.5964 -0.5633
vn -0.7720 -0.5965 -0.2196
vn -0.1341 0.8897 -0.4365
vn 0.9351 -0.0000 0.3545
vn 1.0000 -0.0000 -0.0000
vn 0.9351 -0.0000 -0.3545
vn -0.0000 1.0000 -0.0000
vn -0.2315 -0.7292 -0.6439
vn -0.0191 0.0042 -0.9998
vn -0.6155 -0.4898 -0.6174
vn -0.7619 -0.1619 -0.6272
vn -0.0789 0.0163 -0.9968
vn -0.1916 0.0042 -0.9815
vn 0.8574 -0.0224 -0.5141
vn -0.7631 0.0189 -0.6460
vn -0.0570 0.0162 0.9982
vn 0.6626 0.6112 0.4329
vn 0.0030 0.0032 1.0000
vn 0.8688 0.1970 0.4544
vn 0.8682 -0.0220 0.4957
vn 0.8585 0.1970 -0.4735
vn 0.6529 0.6116 -0.4469
vn 0.0090 -0.0584 -0.9983
vn -0.1697 0.0049 0.9855
vn -0.7487 0.0194 0.6626
vn -0.7479 -0.1620 0.6438
vn -0.6017 -0.4903 0.6305
vn -0.2139 -0.7303 0.6487
vn 0.0243 -0.0558 -0.9981
vn -0.8670 0.1846 -0.4629
vn -0.6386 0.6235 -0.4510
vn -0.8566 0.1845 0.4819
vn -0.6285 0.6231 0.4655
vn 0.0464 -0.0567 0.9973
vn 0.0200 -0.0702 0.9973
vn 0.2477 -0.7216 0.6465
vn 0.0382 -0.0601 0.9975
vn 0.1034 0.0049 0.9946
vn -0.8742 0.0183 -0.4853
vn -0.8629 0.0184 0.5051
vn 0.1638 -0.0031 0.9865
vn 0.7632 -0.0160 0.6460
vn 0.7630 -0.0161 0.6462
vn 0.7588 -0.1038 0.6430
vn 0.6344 -0.4390 0.6363
vn 0.3241 0.0022 -0.9460
vn -0.0091 -0.0702 -0.9975
vn 0.2301 -0.7217 -0.6529
vn 0.6202 -0.4384 -0.6505
vn 0.7443 -0.1037 -0.6597
vn 0.7487 -0.0163 -0.6628
vn 0.1420 -0.0035 -0.9899
vn -0.5093 0.0105 -0.8605
vn -0.1766 0.8631 0.4731
vn 0.2402 0.8565 0.4569
vn -0.1905 0.8638 -0.4664
vn 0.2266 0.8566 -0.4635
vn -0.0000 -1.0000 -0.0000
vn -1.0000 -0.0000 -0.0000
vn -0.0268 -0.0000 -0.9996
vn -0.0268 -0.0000 0.9996
vn 0.8765 0.4814 -0.0000
vn 0.8484 0.5293 -0.0000
vn 0.1138 0.9935 -0.0000
vn -0.9310 0.3649 -0.0000
vn -0.9309 0.3652 -0.0000
vn 0.9696 0.2445 -0.0000
vn 0.9707 0.2402 -0.0000
vn 0.9707 0.2401 -0.0000
vn 0.9696 0.2446 -0.0000
vn -0.0084 1.0000 -0.0000
vn 0.9993 0.0369 0.0096
vn 0.9992 0.0377 0.0091
vn 0.9993 0.0373 0.0094
vn 0.9992 0.0381 0.0089
vn 0.8457 -0.5335 0.0076
vn 0.8438 -0.5366 0.0070
vn 0.8233 -0.5676 0.0008
vn 0.8207 -0.5714 -0.0000
vn 0.9998 0.0199 -0.0000
vn 0.9982 0.0596 -0.0000
vn 0.2555 0.2864 0.9234
vn 0.1084 0.2602 0.9594
vn 0.1609 0.2684 0.9498
vn 0.1010 0.2505 0.9628
vn 0.0502 0.2407 0.9693
vn 0.0153 0.2269 0.9738
vn 0.0071 0.2203 0.9754
vn -0.0206 0.2247 0.9742
vn -0.0142 0.2286 0.9734
vn -0.0553 0.2516 0.9663
vn -0.0538 0.1872 0.9809
vn -0.0674 0.1596 0.9849
vn -0.1012 0.1251 0.9870
vn 0.9275 0.3013 0.2211
vn 0.6899 0.3387 0.6398
vn 0.8636 0.3144 0.3940
vn 0.6942 0.3357 0.6367
vn 0.5923 0.3264 0.7367
vn 0.4930 0.3176 0.8100
vn 0.4957 0.2909 0.8184
vn 0.3968 0.2892 0.8712
vn 0.3137 0.2863 0.9053
vn 0.2126 0.2728 0.9383
vn -0.0000 -0.0000 1.0000
vn 0.9993 0.0369 -0.0096
vn 0.9993 0.0373 -0.0094
vn 0.9992 0.0377 -0.0092
vn 0.9992 0.0381 -0.0090
vn 0.8457 -0.5336 -0.0076
vn 0.8233 -0.5676 -0.0008
vn 0.8438 -0.5366 -0.0070
vn 0.0140 -0.6323 -0.7746
vn 0.0208 -0.7313 -0.6817
vn 0.0224 -0.7296 -0.6835
vn 0.0393 -0.7304 -0.6818
vn 0.0628 -0.5911 -0.8042
vn 0.0639 -0.5840 -0.8093
vn -0.2769 -0.7769 -0.5655
vn -0.2148 -0.8000 -0.5602
vn -0.1846 -0.7663 -0.6154
vn -0.1762 -0.7601 -0.6255
vn -0.1329 -0.7805 -0.6109
vn -0.1051 -0.7570 -0.6449
vn -0.0673 -0.7855 -0.6152
vn -0.0733 -0.7523 -0.6547
vn -0.0194 -0.6324 -0.7744
vn -0.0200 -0.6229 -0.7821
vn -0.7144 -0.4421 -0.5423
vn -0.8132 -0.4679 -0.3460
vn -0.7224 -0.5027 -0.4748
vn -0.5771 -0.4129 -0.7046
vn -0.7229 -0.3295 -0.6073
vn -0.5769 -0.4912 -0.6526
vn -0.3954 -0.4973 -0.7722
vn -0.5633 -0.3178 -0.7627
vn -0.3336 -0.4069 -0.8504
vn -0.2671 -0.4502 -0.8520
vn -0.1867 -0.3765 -0.9074
vn -0.1563 -0.3869 -0.9088
vn -0.0661 -0.3282 -0.9423
vn -0.0426 -0.3794 -0.9242
vn 0.0224 -0.1866 -0.9822
vn 0.0268 -0.2505 -0.9677
vn 0.0342 -0.3249 -0.9451
vn -0.0321 -0.2469 -0.9685
vn -0.1447 -0.3232 -0.9352
vn -0.2932 -0.3563 -0.8872
vn 0.0471 -0.1107 -0.9927
vn 0.0407 -0.1983 -0.9793
vn 0.0332 -0.2830 -0.9585
vn 0.3695 0.0010 0.9292
vn 0.2937 0.0073 0.9559
vn -0.7425 -0.0060 0.6698
vn -0.7491 0.1683 0.6408
vn 0.2421 -0.0558 0.9687
vn -0.5309 0.6170 0.5809
vn 0.2038 -0.0765 0.9760
vn -0.1070 0.8592 0.5004
vn 0.8754 0.0051 0.4834
vn 0.8720 -0.0898 0.4812
vn 0.7512 -0.4329 0.4983
vn 0.3788 -0.7185 0.5832
vn -0.0731 -0.7326 0.6767
vn 0.2212 -0.0531 0.9738
vn 0.3006 0.8613 0.4096
vn 0.1209 0.8624 -0.4915
vn -0.2909 0.8580 -0.4234
vn -0.7210 0.6170 -0.3155
vn -0.9446 0.1684 -0.2819
vn -0.9506 -0.0058 -0.3103
vn 0.5462 0.6180 -0.5654
vn -0.1701 -0.0548 -0.9839
vn -0.1877 -0.0732 -0.9795
vn -0.1720 -0.0558 -0.9835
vn -0.1197 0.0077 -0.9928
vn -0.0400 0.0013 -0.9992
vn 0.6016 -0.0896 -0.7937
vn 0.6035 0.0052 -0.7974
vn 0.1205 -0.7164 -0.6872
vn 0.4842 -0.4327 -0.7605
vn 0.1361 0.0138 0.9906
vn 0.7287 0.6179 0.2951
vn 0.1995 0.0035 0.9799
vn 0.9369 0.2145 0.2762
vn 0.7438 0.2148 -0.6330
vn -0.2777 0.0139 -0.9606
vn -0.2155 0.0039 -0.9765
vn -0.3310 -0.7342 -0.5928
vn -0.7202 -0.4960 -0.4851
vn -0.8675 -0.1776 -0.4647
vn -0.8753 -0.0043 -0.4835
vn -0.3649 -0.0008 -0.9310
vn -0.8754 -0.0043 -0.4834
vn 0.7437 0.0051 -0.6684
vn 0.9513 0.0051 0.3083
vn 0.0445 -0.0011 0.9990
vn -0.6038 -0.0045 0.7971
vn -0.6044 -0.1778 0.7766
vn -0.4612 -0.4966 0.7354
vn -0.0246 0.0162 -0.9996
vn -0.7268 -0.1619 -0.6675
vn 0.0351 0.0042 -0.9994
vn -0.5812 -0.4899 -0.6498
vn -0.1963 -0.7293 -0.6555
vn 0.8829 0.1970 -0.4262
vn 0.6762 0.6116 -0.4108
vn 0.0631 -0.0584 -0.9963
vn 0.0450 -0.0702 -0.9965
vn 0.2651 -0.7218 -0.6394
vn 0.0785 -0.0560 -0.9953
vn 0.6544 -0.4387 -0.6159
vn 0.1353 0.0053 -0.9908
vn 0.7791 -0.1034 -0.6184
vn -0.6132 0.6234 -0.4850
vn -0.1649 0.8639 -0.4760
vn -0.6529 0.6232 0.4306
vn -0.2020 0.8631 0.4629
vn 0.2151 0.8565 0.4692
vn 0.2515 0.8566 -0.4506
vn 0.8428 0.1970 0.5008
vn 0.6382 0.6112 0.4682
vn -0.0160 -0.0601 0.9981
vn -0.0342 -0.0702 0.9969
vn -0.0079 -0.0567 0.9984
vn -0.8815 0.1845 0.4347
vn -0.8406 0.1846 -0.5091
vn 0.0494 0.0049 0.9988
vn 0.7835 -0.0163 -0.6211
vn 0.1956 -0.0035 -0.9807
vn -0.8465 0.0183 -0.5320
vn -0.8890 0.0184 0.4575
vn 0.1100 -0.0031 0.9939
vn 0.7268 -0.0160 0.6866
vn 0.7268 -0.0161 0.6867
vn 0.7228 -0.1038 0.6833
vn 0.5989 -0.4389 0.6698
vn 0.2122 -0.7216 0.6590
vn -0.2488 -0.7303 0.6362
vn -0.0513 0.0035 0.9987
vn -0.1110 0.0162 0.9937
vn -0.7835 0.0193 0.6211
vn -0.2229 0.0048 0.9748
vn -0.7817 -0.1620 0.6023
vn -0.6351 -0.4903 0.5969
vn 0.8400 -0.0220 0.5421
vn 0.8840 -0.0224 -0.4669
vn -0.1380 0.0042 -0.9904
vn -0.7270 0.0189 -0.6864
vn -0.7713 0.0189 -0.6362
vn -0.7698 -0.1619 -0.6174
vn -0.2042 0.0042 -0.9789
vn -0.0916 0.0163 -0.9957
vn 0.8507 -0.0224 -0.5252
vn -0.0319 0.0042 -0.9995
vn -0.6233 -0.4899 -0.6095
vn -0.2397 -0.7292 -0.6409
vn 0.0115 -0.0559 -0.9984
vn 0.2216 -0.7217 -0.6557
vn 0.6117 -0.4385 -0.6584
vn -0.0219 -0.0701 -0.9973
vn -0.0037 -0.0584 -0.9983
vn 0.6472 0.6116 -0.4551
vn 0.8523 0.1971 -0.4844
vn 0.8745 0.1971 0.4432
vn 0.0687 0.0051 -0.9976
vn -0.8729 0.1846 -0.4516
vn -0.6444 0.6235 -0.4428
vn -0.8503 0.1845 0.4928
vn 0.1764 -0.0031 0.9843
vn 0.1163 0.0049 0.9932
vn -0.8563 0.0185 0.5161
vn -0.8802 0.0183 -0.4742
vn 0.1294 -0.0035 -0.9916
vn 0.7401 -0.0163 -0.6723
vn 0.7359 -0.1036 -0.6691
vn -0.1964 0.8639 -0.4639
vn 0.2207 0.8566 -0.4664
vn -0.6226 0.6232 0.4734
vn 0.0591 -0.0566 0.9966
vn 0.6425 -0.4389 0.6281
vn 0.7670 -0.1040 0.6332
vn 0.7712 -0.0161 0.6364
vn 0.7714 -0.0160 0.6361
vn 0.2460 0.8565 0.4538
vn -0.1705 0.8631 0.4754
vn 0.0327 -0.0702 0.9970
vn 0.2560 -0.7216 0.6432
vn -0.2056 -0.7303 0.6515
vn 0.0509 -0.0601 0.9969
vn 0.6681 0.6112 0.4244
vn 0.0158 0.0036 0.9999
vn -0.5935 -0.4903 0.6382
vn -0.7395 -0.1621 0.6534
vn -0.0442 0.0162 0.9989
vn 0.8744 -0.0220 0.4847
vn -0.1571 0.0049 0.9876
vn -0.7401 0.0194 0.6723
vn -0.4550 -0.8792 -0.1410
vn -0.5075 -0.8579 -0.0807
vn -0.4554 -0.8754 -0.1619
vn -0.4160 -0.8595 -0.2972
vn -0.4296 -0.8588 -0.2790
vn -0.4074 -0.8352 -0.3695
vn -0.3737 -0.8094 -0.4530
vn -0.3875 -0.7946 -0.4674
vn -0.3047 -0.8219 -0.4814
vn -0.2782 -0.7644 -0.5816
vn 0.3260 0.4686 0.8210
vn 0.3300 0.9275 0.1759
vn -0.3260 0.4686 0.8210
vn -0.3300 0.9275 0.1759
vn -0.8318 0.4164 0.3670
vn -0.3828 -0.0000 0.9238
vn -0.7073 -0.0000 0.7069
vn 0.3828 -0.0000 0.9238
vn 0.7071 -0.0000 0.7071
vn 0.7073 -0.0000 0.7069
vn 0.8318 0.4164 0.3669
vn 0.9239 0.3826 -0.0000
vn 0.3752 0.9269 -0.0000
vn -0.3904 0.9207 -0.0000
vn -0.9094 0.4160 -0.0000
vn -0.4340 -0.0000 -0.9009
vn -0.3543 -0.0000 -0.9351
vn -0.5298 -0.0000 -0.8481
vn -0.6346 -0.0000 -0.7728
vn -0.6107 -0.0000 -0.7919
vn -0.7243 -0.0000 -0.6895
vn -0.6845 -0.0000 -0.7290
vn -0.8235 -0.0000 -0.5674
vn -0.9461 -0.0000 -0.3239
vn -0.9876 -0.0000 -0.1571
vn -0.9876 -0.0000 -0.1570
vn -0.3305 0.4433 -0.8332
vn -0.3274 0.9214 -0.2091
vn 0.3305 0.4433 -0.8332
vn 0.3274 0.9214 -0.2091
vn 0.8428 0.3965 -0.3639
vn 0.3828 -0.0000 -0.9238
vn 0.7073 -0.0000 -0.7069
vn -0.3828 -0.0000 -0.9238
vn -0.7073 -0.0000 -0.7069
vn -0.8428 0.3965 -0.3639
vn -0.9160 0.4012 -0.0000
vn -0.3898 0.9209 -0.0000
vn 0.3761 0.9266 -0.0000
vn -0.0828 -0.0000 -0.9966
vn -0.0374 -0.0104 -0.9992
vn -0.1285 -0.0000 -0.9917
vn -0.1974 -0.0000 -0.9803
vn -0.2775 -0.0000 -0.9607
vn 0.0705 0.0023 -0.9975
vn 0.0798 0.0244 -0.9965
vn 0.0786 0.0289 -0.9965
vn 0.0711 -0.0000 -0.9975
vn 0.0451 -0.0102 -0.9989
vn 0.0479 -0.0000 -0.9989
vn 0.0097 -0.1070 -0.9942
vn 0.0092 -0.1159 -0.9932
vn 0.0123 -0.0945 -0.9955
vn -0.0409 -0.0000 -0.9992
vn 0.0001 1.0000 0.0001
vn 0.0001 1.0000 -0.0000
vn -0.0000 1.0000 0.0001
vn -0.0000 1.0000 0.0002
vn 0.7071 -0.0000 -0.7071
vn 0.3827 -0.0000 -0.9239
vn 0.6540 0.3801 -0.6540
vn -0.3303 0.4386 -0.8358
vn -0.7071 -0.0000 -0.7071
vn -0.3827 -0.0000 -0.9239
vn -0.0000 0.4659 -0.8848
vn 0.3303 0.4386 -0.8358
vn 0.2898 0.9289 -0.2304
vn -0.0000 0.9522 -0.3054
vn -0.2898 0.9289 -0.2304
vn -0.4002 0.9164 0.0001
vn -0.9242 0.3818 -0.0000
vn -0.2896 0.9290 0.2303
vn -0.9226 0.3858 -0.0000
vn -0.8205 0.5498 -0.1563
vn -0.1782 0.8450 0.5042
vn -0.4459 0.7761 0.4459
vn -0.0000 0.8285 0.5600
vn -0.0000 0.9533 0.3019
vn 0.4002 0.9164 0.0001
vn 0.9243 0.3817 -0.0000
vn 0.9226 0.3857 -0.0000
vn 0.2896 0.9290 0.2303
vn 0.8206 0.5498 0.1564
vn 0.4460 0.7760 0.4459
vn -0.0000 0.8539 0.5205
vn 0.3827 -0.0000 0.9239
vn 0.3827 -0.0001 0.9239
vn -0.4110 -0.0000 0.9116
vn -0.3827 -0.0000 0.9239
vn -0.7071 -0.0000 0.7071
vn -0.4111 -0.0000 0.9116
vn 0.9580 0.2866 -0.0015
vn 0.8080 0.4781 0.3444
vn 0.9239 -0.0000 -0.3826
vn 0.8080 0.4781 -0.3443
vn 0.2240 0.9609 -0.1629
vn 0.3468 0.9379 -0.0000
vn -0.0057 1.0000 -0.0000
vn 0.2240 0.9609 0.1629
vn -0.0029 0.9682 0.2501
vn 0.0045 0.8849 0.4657
vn 0.3276 0.4975 0.8032
vn 0.6207 0.7840 0.0041
vn -0.3168 0.9485 -0.0000
vn -0.0029 0.9682 -0.2501
vn 0.0045 0.8849 -0.4657
vn 0.3276 0.4975 -0.8032
vn -0.0017 0.3378 0.9412
vn -0.3294 0.5011 0.8003
vn -0.8031 0.4894 0.3399
vn -0.1991 0.9667 0.1607
vn -0.9534 0.3017 0.0016
vn -0.9534 0.3016 0.0016
vn -0.8031 0.4894 -0.3399
vn -0.3294 0.5011 -0.8003
vn -0.8031 0.4895 -0.3399
vn -0.1991 0.9667 -0.1607
vn -0.5784 0.8158 -0.0042
vn -0.0017 0.3378 -0.9412
vn -0.0000 -0.0000 -1.0000
vn -0.9353 -0.2556 0.2446
vn -0.9353 -0.2547 0.2456
vn -0.9353 -0.2548 0.2455
vn -0.9353 -0.2502 0.2504
vn -0.9347 -0.2334 0.2682
vn 0.9340 0.2477 -0.2574
vn 0.9426 0.2478 -0.2240
vn 0.9358 0.2528 -0.2456
vn 0.9344 0.2518 -0.2520
vn 0.9353 0.2548 -0.2455
vn 0.9353 0.2556 -0.2446
vn 0.0120 -0.2565 -0.9665
vn 0.0002 -0.0281 -0.9996
vn -0.0155 -0.7853 -0.6189
vn 0.0072 0.0929 -0.9956
vn -0.0095 0.3172 -0.9483
vn -0.0112 0.3171 -0.9483
vn -0.0002 -0.9946 0.1038
vn -0.0014 -0.9946 0.1039
vn -0.0161 -0.9989 -0.0443
vn -0.0124 -0.9913 -0.1313
vn -0.0328 -0.9606 -0.2761
vn 0.0117 -0.2218 0.9750
vn -0.0008 0.9830 -0.1836
vn -0.0010 0.9830 -0.1836
vn -0.9379 0.2943 0.1834
vn -0.9379 0.2947 0.1828
vn -0.9379 0.2948 0.1826
vn -0.9379 0.2927 0.1860
vn -0.9379 0.2923 0.1866
vn -0.9378 0.2813 0.2037
vn -0.0000 0.9967 0.0812
vn -0.0000 -0.3116 -0.9502
vn -0.0000 0.4770 0.8789
vn -0.0019 0.4772 0.8788
vn -0.0209 0.2963 0.9549
vn -0.0155 0.1979 0.9801
vn -0.0075 -0.3934 0.9193
vn 0.0047 -0.6240 0.7814
vn 0.0089 -0.9475 0.3197
vn 0.0144 -0.9736 0.2280
vn 0.0013 -0.9978 0.0665
vn -0.0000 -0.9978 0.0666
vn -0.0120 0.9115 0.4110
vn 0.0088 0.7803 0.6254
vn 0.0046 0.9941 0.1088
vn -0.0046 0.9941 -0.1088
vn 0.0096 0.9113 -0.4116
vn -0.0140 0.7170 -0.6970
vn -0.0000 0.5524 -0.8336
vn -0.0015 0.5522 -0.8337
vn -0.0140 0.7169 -0.6970
vn -0.0308 0.5489 -0.8353
vn 0.0088 0.7801 0.6255
vn 0.0341 0.4911 0.8705
vn 0.0018 0.4940 0.8695
vn -0.0000 0.4941 0.8694
vn -0.9379 -0.0000 -0.3468
vn 0.9389 -0.2866 -0.1904
vn 0.9297 -0.3222 -0.1785
vn 0.9375 -0.2952 -0.1842
vn 0.9387 -0.2906 -0.1856
vn 0.9379 -0.2947 -0.1828
vn 0.9379 -0.2943 -0.1834
vn 0.9379 -0.0000 0.3468
vn -0.2624 -0.6851 -0.6796
vn -0.0186 -0.7073 -0.7067
vn -0.2645 -0.9644 -0.0000
vn 0.0114 -0.0081 -0.9999
vn -0.2519 0.0044 -0.9678
vn 0.0308 0.6978 -0.7156
vn -0.2410 0.6929 -0.6796
vn 0.0364 0.9993 -0.0000
vn -0.2350 0.9720 -0.0000
vn -0.2147 0.9095 0.3559
vn 0.0338 0.9162 0.3994
vn -0.2624 -0.6851 0.6796
vn -0.2519 0.0044 0.9677
vn -0.2307 0.3724 0.8990
vn 0.0234 0.3826 0.9236
vn 0.0114 -0.0081 0.9999
vn -0.0186 -0.7073 0.7067
vn -0.0353 -0.9994 -0.0000
vn 0.4698 -0.8725 0.1340
vn 0.5146 -0.8192 0.2531
vn 0.5958 -0.7975 0.0951
vn 0.3351 -0.9422 -0.0000
vn 0.4698 -0.8725 -0.1340
vn 0.5958 -0.7975 -0.0951
vn 0.5146 -0.8192 -0.2531
vn 0.8426 -0.5386 -0.0000
vn 0.9268 -0.3756 -0.0000
vn 0.9872 -0.1595 -0.0000
vn 0.9872 -0.1595 0.0001
vn 0.9999 -0.0045 0.0159
vn 0.9998 -0.0046 0.0170
vn -0.9528 -0.3037 -0.0000
vn -0.9848 -0.1735 -0.0000
vn -0.8857 -0.4642 -0.0000
vn -0.3995 -0.9114 0.0985
vn -0.3995 -0.9114 -0.0985
vn -0.0869 -0.8784 0.4700
vn -0.1204 -0.9825 0.1420
vn -0.1128 -0.9928 0.0407
vn -0.1021 -0.9948 -0.0000
vn -0.1128 -0.9928 -0.0407
vn -0.1204 -0.9825 -0.1419
vn -0.0869 -0.8784 -0.4700
vn -0.0000 -0.5412 -0.8409
vn -0.0000 -0.5422 0.8402
vn -0.0000 -0.5422 0.8403
vn 0.0041 -0.9977 -0.0684
vn -0.0004 -0.9986 -0.0538
vn -0.0135 -0.9999 -0.0107
vn -0.0167 -0.9999 -0.0000
vn -0.0075 -0.8760 0.4822
vn -0.0184 -0.7306 0.6825
vn 0.0622 -0.8656 0.4969
vn 0.2382 -0.7622 0.6019
vn 0.1430 -0.7136 0.6858
vn 0.0751 -0.4060 0.9108
vn -0.0504 -0.4272 0.9027
vn 0.0818 -0.2803 0.9564
vn -0.1105 -0.2823 0.9529
vn 0.2029 -0.1233 0.9714
vn -0.1449 -0.0984 0.9845
vn 0.0559 -0.0411 0.9976
vn -0.0246 -0.0497 0.9985
vn -0.2497 -0.0587 0.9666
vn -0.4931 -0.1300 0.8602
vn -0.2365 -0.3785 0.8949
vn -0.1186 -0.4930 0.8619
vn -0.0592 -0.7647 0.6417
vn -0.0418 -0.8517 0.5224
vn 0.4090 0.1341 0.9026
vn 0.2167 0.0931 0.9718
vn 0.3655 0.1184 0.9233
vn 0.0003 0.9329 0.3600
vn 0.3524 0.8940 0.2766
vn 0.0077 1.0000 -0.0000
vn 0.1876 0.5495 0.8142
vn 0.5903 0.4898 0.6415
vn 0.2282 0.1364 0.9640
vn -0.0225 0.0667 0.9975
vn -0.0188 0.1293 0.9914
vn -0.1445 0.1149 0.9828
vn -0.1233 0.5278 0.8403
vn -0.0067 0.5510 0.8345
vn -0.2612 0.9102 0.3213
vn -0.2982 0.9545 -0.0000
vn 0.0003 0.9329 -0.3600
vn 0.3524 0.8940 -0.2766
vn 0.1876 0.5495 -0.8142
vn -0.1365 0.0750 0.9878
vn -0.2040 0.1138 0.9723
vn -0.4650 0.5067 0.7260
vn -0.1811 0.0881 0.9795
vn 0.9337 0.1459 0.3269
vn 0.9904 0.1380 -0.0000
vn 0.9312 0.1521 0.3314
vn 0.8859 0.1528 0.4380
vn 0.8259 0.4940 0.2719
vn 0.3492 0.9370 -0.0000
vn 0.8259 0.4940 -0.2719
vn 0.5903 0.4898 -0.6416
vn 0.8871 0.1486 0.4371
vn 0.9312 0.1521 -0.3314
vn 0.8859 0.1528 -0.4380
vn 0.9337 0.1459 -0.3269
vn 0.8871 0.1486 -0.4371
vn 0.9891 0.1473 -0.0000
vn 0.8563 0.5164 -0.0000
vn 0.4732 -0.4222 0.7732
vn 0.9332 0.2290 0.2768
vn 0.8786 -0.4281 0.2114
vn 0.4881 -0.3543 0.7976
vn 0.9110 -0.3495 0.2191
vn 0.4707 0.0224 0.8820
vn 0.4619 0.1600 0.8724
vn -0.2115 -0.4281 0.8787
vn -0.2193 -0.3495 0.9109
vn -0.7976 -0.3542 0.4881
vn 0.9282 -0.3329 -0.1662
vn 0.9723 0.0026 0.2339
vn 0.5220 0.0026 0.8529
vn -0.2340 0.0026 0.9722
vn -0.8529 0.0026 0.5220
vn -0.9723 0.0026 -0.2339
vn -0.9110 -0.3494 -0.2192
vn -0.5220 0.0026 -0.8529
vn 0.9856 0.0024 -0.1693
vn -0.4882 -0.3543 -0.7976
vn 0.2340 0.0026 -0.9722
vn 0.2193 -0.3495 -0.9109
vn 0.5990 0.0024 -0.8007
vn 0.5703 -0.3328 -0.7510
vn 0.2115 -0.4281 -0.8786
vn 0.5695 -0.4007 -0.7178
vn 0.1689 0.1649 -0.9717
vn 0.5856 0.2716 -0.7637
vn 0.1157 0.3424 -0.9324
vn -0.3238 -0.2927 -0.8997
vn -0.4101 -0.2318 -0.8821
vn -0.1667 0.4549 -0.8748
vn 0.0052 0.4115 -0.9114
vn -0.4960 -0.1040 -0.8621
vn -0.5595 -0.0194 -0.8286
vn -0.4732 -0.4222 -0.7732
vn -0.8787 -0.4280 -0.2115
vn 0.4326 0.5761 -0.6935
vn 0.2468 0.6947 -0.6756
vn 0.0142 0.7999 -0.6000
vn -0.2714 0.1376 -0.9526
vn -0.0296 -0.9904 -0.1348
vn -0.1642 0.7977 -0.5803
vn -0.8472 -0.4496 -0.2832
vn -0.5871 -0.7328 -0.3440
vn -0.2739 -0.8657 -0.4190
vn -0.0784 -0.9562 0.2819
vn 0.2902 -0.1376 0.9470
vn 0.1425 -0.5231 0.8403
vn 0.3055 0.2117 0.9284
vn 0.2312 0.6105 0.7575
vn -0.4254 -0.7968 0.4292
vn -0.0366 -0.3779 0.9251
vn -0.6995 -0.5028 0.5079
vn 0.3666 0.2199 0.9040
vn 0.7662 0.5890 0.2571
vn 0.9387 0.2908 -0.1852
vn 0.8982 -0.4007 -0.1807
vn 0.7257 0.6761 -0.1276
vn 0.5220 0.8509 -0.0599
vn 0.5543 0.7530 0.3545
vn 0.3246 0.8345 0.4453
vn 0.2273 0.9735 0.0260
vn -0.8170 0.5767 -0.0000
vn -0.9001 0.1996 -0.3872
vn -0.9795 0.2013 -0.0000
vn -0.8950 0.1810 -0.4076
vn -0.9855 0.1696 -0.0000
vn -0.9001 0.1996 0.3872
vn -0.7576 0.5614 0.3329
vn -0.7972 0.1873 0.5739
vn -0.7754 0.1728 0.6074
vn -0.8950 0.1810 0.4076
vn -0.7576 0.5614 -0.3329
vn -0.7972 0.1873 -0.5740
vn -0.7754 0.1728 -0.6074
vn -0.4650 0.5067 -0.7260
vn -0.2612 0.9102 -0.3213
vn -0.1233 0.5278 -0.8403
vn -0.0067 0.5510 -0.8345
vn -0.0188 0.1293 -0.9914
vn 0.2282 0.1364 -0.9640
vn 0.4090 0.1341 -0.9026
vn 0.2167 0.0931 -0.9718
vn -0.0225 0.0667 -0.9975
vn -0.1445 0.1149 -0.9828
vn 0.3655 0.1184 -0.9233
vn -0.1365 0.0750 -0.9878
vn -0.2040 0.1138 -0.9723
vn -0.1811 0.0881 -0.9795
vn -0.1958 -0.7293 -0.6556
vn 0.0359 0.0043 -0.9993
vn -0.5807 -0.4899 -0.6502
vn -0.7264 -0.1619 -0.6680
vn -0.0241 0.0162 -0.9996
vn -0.1375 0.0042 -0.9905
vn 0.8843 -0.0223 -0.4664
vn -0.7266 0.0189 -0.6868
vn 0.0791 -0.0559 -0.9953
vn 0.2654 -0.7218 -0.6392
vn 0.6548 -0.4387 -0.6155
vn 0.0457 -0.0701 -0.9965
vn 0.0638 -0.0583 -0.9963
vn 0.6765 0.6116 -0.4103
vn 0.8832 0.1970 -0.4257
vn 0.8425 0.1970 0.5013
vn -0.6129 0.6235 -0.4854
vn -0.1646 0.8639 -0.4761
vn -0.6531 0.6232 0.4302
vn -0.2023 0.8631 0.4628
vn 0.2148 0.8565 0.4694
vn 0.2517 0.8566 -0.4504
vn -0.0347 -0.0703 0.9969
vn -0.0166 -0.0601 0.9981
vn -0.0085 -0.0566 0.9984
vn -0.8818 0.1845 0.4341
vn -0.8403 0.1846 -0.5097
vn 0.1359 0.0051 -0.9907
vn 0.0488 0.0048 0.9988
vn 0.1093 -0.0031 0.9940
vn -0.8893 0.0184 0.4569
vn -0.8462 0.0183 -0.5326
vn 0.1961 -0.0035 -0.9806
vn 0.7839 -0.0162 -0.6207
vn 0.7794 -0.1037 -0.6178
vn 0.6379 0.6112 0.4686
vn -0.0519 0.0035 0.9986
vn -0.2492 -0.7304 0.6360
vn 0.2119 -0.7216 0.6591
vn 0.5985 -0.4390 0.6702
vn 0.7223 -0.1039 0.6837
vn 0.7266 -0.0159 0.6868
vn 0.7265 -0.0160 0.6869
vn -0.6356 -0.4902 0.5964
vn -0.7821 -0.1620 0.6017
vn -0.1115 0.0162 0.9936
vn 0.8398 -0.0220 0.5425
vn -0.2235 0.0049 0.9747
vn -0.7839 0.0194 0.6206
vn 0.0476 0.7148 0.6977
vn 0.0356 0.7098 0.7035
vn 0.0320 0.7111 0.7023
vn 0.0513 0.7142 0.6981
vn 0.0659 0.6420 0.7639
vn 0.0659 0.6417 0.7641
vn -0.0952 0.7062 0.7016
vn -0.0868 0.7081 0.7008
vn -0.0578 0.7075 0.7044
vn -0.0592 0.7075 0.7042
vn -0.0301 0.7069 0.7067
vn -0.0277 0.7071 0.7066
vn -0.0024 0.7077 0.7065
vn -0.0037 0.7078 0.7064
vn 0.0153 0.7090 0.7050
vn 0.0184 0.7085 0.7054
vn -0.3070 0.7066 0.6376
vn -0.3615 0.6868 0.6305
vn -0.3810 0.7275 0.5706
vn -0.3059 0.7069 0.6378
vn -0.2518 0.7070 0.6608
vn -0.2493 0.7069 0.6619
vn -0.1962 0.7071 0.6793
vn -0.1411 0.7071 0.6929
vn -0.1381 0.7069 0.6937
vn -0.7036 0.7018 0.1119
vn -0.6657 0.7162 0.2095
vn -0.7020 0.7034 0.1118
vn -0.6574 0.7098 0.2529
vn -0.5820 0.7193 0.3794
vn -0.5692 0.7024 0.4275
vn -0.5155 0.7151 0.4721
vn -0.5048 0.6988 0.5067
vn -0.4506 0.7278 0.5171
vn -0.4361 0.6928 0.5744
vn -0.0592 -0.7647 -0.6417
vn -0.0184 -0.7306 -0.6825
vn -0.1186 -0.4930 -0.8619
vn -0.0504 -0.4272 -0.9027
vn 0.0751 -0.4061 -0.9108
vn 0.0818 -0.2803 -0.9564
vn -0.1105 -0.2823 -0.9529
vn 0.2029 -0.1230 -0.9714
vn -0.1449 -0.0981 -0.9846
vn -0.0230 -0.0494 -0.9985
vn -0.2491 -0.0581 -0.9667
vn -0.4931 -0.1297 -0.8603
vn -0.2365 -0.3785 -0.8949
vn 0.0591 -0.0409 -0.9974
vn -0.7842 -0.0172 0.6203
vn -0.7849 -0.0176 0.6194
vn -0.7841 -0.0172 0.6204
vn -0.7848 -0.0177 0.6195
vn 0.2836 0.8902 0.3566
vn -0.0106 -0.1555 0.9878
vn -0.0559 -0.1518 0.9868
vn 0.1363 0.9209 0.3652
vn 0.0908 0.5646 -0.8203
vn 0.1711 0.5505 -0.8171
vn -0.1079 -0.3177 -0.9420
vn -0.1449 -0.8892 0.4339
vn -0.2926 -0.8518 0.4346
vn 0.1430 -0.7136 -0.6858
vn -0.0418 -0.8517 -0.5224
vn -0.0075 -0.8760 -0.4822
vn 0.0622 -0.8656 -0.4969
vn 0.2382 -0.7622 -0.6019
vn 0.7394 -0.3731 0.5604
vn 0.6794 0.5690 0.4634
vn 0.5489 -0.3874 0.7407
vn -0.0520 0.5025 -0.8630
vn -0.2144 0.5565 -0.8027
vn 0.3803 0.8823 -0.2773
vn 0.2397 0.9543 -0.1786
vn 0.7910 0.5145 0.3310
vn 0.8381 -0.3541 0.4150
vn 0.6271 -0.7491 0.2135
vn 0.5252 -0.7871 0.3234
vn 0.3554 -0.8098 0.4668
vn -0.2770 -0.3874 -0.8793
vn -0.5102 -0.4024 -0.7601
vn -0.4538 0.5847 -0.6724
vn -0.6718 0.5596 -0.4853
vn -0.7171 -0.3920 -0.5763
vn -0.6079 -0.7651 -0.2122
vn -0.8261 -0.3767 -0.4192
vn -0.4967 -0.8018 -0.3321
vn -0.3131 -0.8192 -0.4805
vn -0.1215 -0.7963 -0.5925
vn 0.0155 -0.7579 -0.6522
vn -0.1072 -0.3674 -0.9238
vn 0.4759 0.5978 0.6450
vn 0.0082 0.9998 -0.0157
vn -0.2360 0.9590 0.1571
vn -0.3907 0.8809 0.2670
vn -0.7963 0.4984 -0.3428
vn 0.1539 -0.7927 0.5899
vn 0.3063 -0.3775 0.8739
vn 0.0032 -0.7565 0.6540
vn 0.1215 -0.3632 0.9237
vn 0.0514 0.5104 0.8584
vn 0.2269 0.5722 0.7881
vn 0.2555 0.2864 -0.9234
vn 0.1609 0.2684 -0.9498
vn 0.1084 0.2602 -0.9594
vn 0.2126 0.2728 -0.9383
vn 0.3137 0.2863 -0.9053
vn 0.4930 0.3176 -0.8100
vn 0.3968 0.2892 -0.8712
vn 0.4957 0.2909 -0.8184
vn 0.5923 0.3264 -0.7367
vn 0.6899 0.3387 -0.6398
vn 0.6942 0.3357 -0.6367
vn 0.8636 0.3144 -0.3940
vn 0.9275 0.3013 -0.2211
vn 0.0001 1.0000 -0.0002
vn -0.0000 1.0000 -0.0001
vn -0.0000 1.0000 -0.0002
vn -0.9692 -0.1308 -0.2088
vn -0.8374 -0.1685 0.5200
vn -0.7732 -0.4221 0.4733
vn -0.2687 -0.1400 0.9530
vn -0.1597 -0.2603 0.9522
vn -0.0538 0.1872 -0.9809
vn -0.1012 0.1251 -0.9870
vn -0.0674 0.1596 -0.9849
vn -0.0206 0.2247 -0.9742
vn -0.0553 0.2516 -0.9663
vn -0.0142 0.2286 -0.9734
vn 0.0071 0.2203 -0.9754
vn 0.0153 0.2269 -0.9738
vn 0.0502 0.2407 -0.9693
vn 0.1010 0.2505 -0.9628
vn -0.2769 -0.7769 0.5655
vn -0.1846 -0.7663 0.6154
vn -0.2148 -0.8000 0.5602
vn -0.1762 -0.7601 0.6255
vn -0.1329 -0.7805 0.6109
vn -0.1051 -0.7570 0.6449
vn -0.0673 -0.7855 0.6152
vn -0.0733 -0.7523 0.6547
vn -0.0194 -0.6324 0.7744
vn -0.0200 -0.6229 0.7821
vn 0.0140 -0.6323 0.7746
vn 0.0224 -0.7296 0.6835
vn 0.0208 -0.7313 0.6818
vn 0.0393 -0.7304 0.6819
vn 0.0628 -0.5911 0.8042
vn 0.0639 -0.5840 0.8093
vn -0.2494 0.7069 -0.6619
vn -0.3070 0.7066 -0.6376
vn -0.2518 0.7070 -0.6609
vn -0.3059 0.7069 -0.6378
vn -0.3615 0.6868 -0.6305
vn -0.3810 0.7275 -0.5706
vn -0.4361 0.6928 -0.5744
vn -0.4506 0.7278 -0.5171
vn -0.5049 0.6987 -0.5068
vn -0.5156 0.7150 -0.4722
vn -0.5692 0.7024 -0.4274
vn -0.5820 0.7193 -0.3794
vn -0.6574 0.7098 -0.2529
vn -0.6657 0.7162 -0.2095
vn -0.7020 0.7034 -0.1118
vn -0.7036 0.7018 -0.1119
vn -0.4375 0.8992 -0.0000
vn 0.4374 0.8993 -0.0000
vn -0.0747 -0.0867 -0.9934
vn 0.6286 0.6959 -0.3472
vn -0.1287 -0.0908 -0.9875
vn 0.7314 0.5746 -0.3672
vn 0.4500 0.3630 0.8159
vn 0.4159 0.4598 0.7846
vn -0.6034 -0.6777 -0.4203
vn -0.7020 -0.5684 -0.4290
vn -0.7909 -0.4390 -0.4263
vn -0.7909 -0.4390 -0.4264
vn -0.1353 -0.0754 -0.9879
vn 0.8151 0.4518 -0.3625
vn 0.5147 0.2852 0.8085
vn -0.2891 -0.1603 0.9438
vn -0.2543 -0.2086 0.9444
vn -0.2244 -0.2505 0.9417
vn -0.0277 0.7073 -0.7064
vn -0.0592 0.7075 -0.7042
vn -0.0301 0.7071 -0.7065
vn -0.0578 0.7075 -0.7044
vn -0.0868 0.7083 -0.7006
vn -0.0952 0.7064 -0.7014
vn -0.1411 0.7071 -0.6929
vn -0.1381 0.7069 -0.6937
vn -0.1962 0.7071 -0.6793
vn 0.0476 0.7149 -0.6976
vn 0.0659 0.6420 -0.7639
vn 0.0659 0.6417 -0.7641
vn 0.0513 0.7144 -0.6979
vn 0.0356 0.7100 -0.7033
vn 0.0319 0.7113 -0.7022
vn 0.0184 0.7085 -0.7054
vn 0.0153 0.7090 -0.7050
vn -0.0024 0.7077 -0.7065
vn -0.0037 0.7078 -0.7064
vn 0.0059 0.7804 0.6252
vn 0.0245 0.7998 0.5997
vn 0.0278 0.7996 0.5999
vn 0.0065 0.7802 0.6255
vn -0.0071 0.7840 0.6207
vn -0.0106 0.7836 0.6212
vn -0.0293 0.8159 0.5775
vn -0.0279 0.8158 0.5777
vn -0.0489 0.7610 0.6470
vn -0.0622 0.7520 0.6563
vn -0.0402 0.9144 0.4027
vn -0.0400 0.9148 0.4020
vn 0.2533 0.8075 0.5327
vn 0.1961 0.7998 0.5673
vn 0.2418 0.8100 0.5343
vn 0.1865 0.8009 0.5691
vn 0.1358 0.8008 0.5833
vn 0.1314 0.8012 0.5838
vn 0.0996 0.8009 0.5905
vn 0.0915 0.8028 0.5892
vn 0.0611 0.8053 0.5898
vn 0.0604 0.8055 0.5895
vn 0.5909 0.7948 0.1383
vn 0.5085 0.8299 0.2295
vn 0.5919 0.7940 0.1385
vn 0.5079 0.8304 0.2289
vn 0.4258 0.8204 0.3818
vn 0.4243 0.8198 0.3845
vn 0.3761 0.7909 0.4827
vn 0.3746 0.7909 0.4839
vn 0.3486 0.7374 0.5785
vn 0.3420 0.7381 0.5816
vn 0.4124 0.4556 -0.7889
vn 0.6278 0.6992 0.3421
vn 0.4460 0.3601 -0.8194
vn 0.7326 0.5771 0.3608
vn -0.1228 -0.0855 0.9887
vn -0.0722 -0.0819 0.9940
vn -0.2262 -0.2567 -0.9397
vn -0.2584 -0.2136 -0.9421
vn -0.2948 -0.1635 -0.9415
vn -0.2949 -0.1635 -0.9414
vn 0.5096 0.2825 -0.8127
vn 0.8172 0.4532 0.3560
vn -0.1290 -0.0720 0.9890
vn -0.7882 -0.4376 0.4327
vn -0.6990 -0.5675 0.4352
vn -0.6001 -0.6770 0.4261
vn 0.0786 0.0289 0.9965
vn 0.0798 0.0244 0.9965
vn 0.0705 0.0023 0.9975
vn 0.0711 -0.0000 0.9975
vn 0.0451 -0.0102 0.9989
vn 0.0479 -0.0000 0.9989
vn 0.0097 -0.1070 0.9942
vn 0.0092 -0.1159 0.9932
vn 0.0123 -0.0945 0.9955
vn -0.0374 -0.0104 0.9992
vn -0.0409 -0.0000 0.9992
vn -0.0828 -0.0000 0.9966
vn -0.1285 -0.0000 0.9917
vn -0.1974 -0.0000 0.9803
vn -0.2775 -0.0000 0.9607
vn -0.3543 -0.0000 0.9351
vn -0.4340 -0.0000 0.9009
vn -0.5298 -0.0000 0.8481
vn -0.6346 -0.0000 0.7728
vn -0.7243 -0.0000 0.6895
vn -0.8235 -0.0000 0.5674
vn -0.9461 -0.0000 0.3239
vn -0.9876 -0.0000 0.1570
vn 0.0002 0.8791 -0.4766
vn -0.0005 0.8770 -0.4804
vn -0.0097 0.8478 -0.5302
vn -0.0114 0.8417 -0.5398
vn 0.7911 0.6116 0.0050
vn 0.7896 0.6137 0.0050
vn 0.6957 0.7183 0.0067
vn 0.6950 0.7190 0.0067
vn -0.2637 0.9646 0.0016
vn -0.4289 0.9033 -0.0042
vn -0.2667 0.9638 0.0015
vn -0.4317 0.9020 -0.0043
vn 0.0245 0.7998 -0.5997
vn 0.0059 0.7803 -0.6254
vn 0.0278 0.7996 -0.5999
vn 0.0065 0.7802 -0.6254
vn -0.0071 0.7841 -0.6207
vn -0.0106 0.7836 -0.6211
vn -0.0293 0.8159 -0.5775
vn -0.0279 0.8158 -0.5777
vn -0.0489 0.7608 -0.6471
vn -0.0622 0.7523 -0.6559
vn -0.0402 0.9144 -0.4027
vn -0.0400 0.9148 -0.4020
vn 0.2533 0.8075 -0.5327
vn 0.2419 0.8099 -0.5344
vn 0.1961 0.7998 -0.5673
vn 0.1865 0.8009 -0.5691
vn 0.1359 0.8007 -0.5834
vn 0.1314 0.8011 -0.5840
vn 0.0996 0.8009 -0.5905
vn 0.0915 0.8028 -0.5892
vn 0.0610 0.8053 -0.5897
vn 0.0604 0.8055 -0.5895
vn 0.5919 0.7940 -0.1385
vn 0.5085 0.8299 -0.2295
vn 0.5909 0.7948 -0.1383
vn 0.5079 0.8304 -0.2289
vn 0.4258 0.8203 -0.3818
vn 0.4243 0.8198 -0.3845
vn 0.3761 0.7909 -0.4827
vn 0.3744 0.7911 -0.4837
vn 0.3486 0.7375 -0.5785
vn 0.3420 0.7381 -0.5816
vn 0.7911 0.6117 -0.0050
vn 0.3938 0.8378 0.3781
vn 0.7895 0.6137 -0.0050
vn 0.3771 0.8420 0.3858
vn -0.0005 0.8079 0.5894
vn 0.0002 0.8109 0.5852
vn -0.7144 -0.4421 0.5423
vn -0.7224 -0.5027 0.4748
vn -0.8132 -0.4679 0.3460
vn -0.5771 -0.4129 0.7046
vn -0.5769 -0.4912 0.6526
vn -0.3954 -0.4973 0.7722
vn -0.3336 -0.4069 0.8504
vn -0.2671 -0.4502 0.8520
vn -0.1867 -0.3765 0.9074
vn -0.1563 -0.3868 0.9088
vn -0.0661 -0.3282 0.9423
vn -0.0426 -0.3794 0.9242
vn 0.0268 -0.2505 0.9677
vn -0.0321 -0.2469 0.9685
vn 0.0342 -0.3249 0.9451
vn -0.1447 -0.3232 0.9352
vn -0.2932 -0.3563 0.8872
vn -0.5633 -0.3178 0.7627
vn -0.7229 -0.3295 0.6073
vn 0.0224 -0.1866 0.9822
vn 0.0471 -0.1107 0.9927
vn 0.0407 -0.1983 0.9793
vn 0.0332 -0.2830 0.9585
vn 0.0001 1.0000 -0.0001
vn -0.4325 0.9016 0.0044
vn -0.4300 0.9028 0.0044
vn -0.2667 0.9638 -0.0015
vn -0.2637 0.9646 -0.0016
vn 0.8168 0.0065 -0.5769
vn 0.8169 -0.0020 -0.5768
vn 0.8168 -0.0021 -0.5769
vn 0.8168 -0.0103 -0.5768
vn 0.8168 -0.0104 -0.5768
vn 0.8168 -0.0273 -0.5762
vn -0.8170 -0.0038 0.5766
vn -0.8169 -0.0135 0.5767
vn -0.8169 -0.0134 0.5766
vn -0.8167 -0.0225 0.5766
vn -0.8168 -0.0224 0.5766
vn -0.8162 -0.0411 0.5763
vn -0.3705 -0.7635 -0.5289
vn -0.5439 -0.3627 -0.7567
vn -0.5462 -0.3533 -0.7595
vn -0.4708 0.6169 -0.6307
vn -0.4758 0.6056 -0.6379
vn 0.0710 0.9898 0.1233
vn 0.0863 0.9858 0.1443
vn 0.5439 0.3627 0.7567
vn 0.5461 0.3535 0.7595
vn 0.4707 -0.6169 0.6307
vn 0.4758 -0.6055 0.6379
vn 0.2360 -0.9242 0.3002
vn 0.2361 -0.9241 0.3004
vn -0.0000 -0.9956 -0.0933
vn -0.0412 -0.9979 -0.0498
vn -0.0457 -0.9979 -0.0450
vn -0.0878 -0.9961 -0.0000
vn 0.9999 0.0104 -0.0000
vn -0.9997 -0.0000 -0.0236
vn 0.0144 0.0001 -0.9999
vn 0.0126 0.0004 -0.9999
vn 0.0066 0.0013 -1.0000
vn 0.0058 0.0007 -1.0000
vn 0.0059 -0.0000 -1.0000
vn 0.0065 0.0010 -1.0000
vn 0.0058 0.0006 -1.0000
vn -0.4550 -0.8792 0.1410
vn -0.4554 -0.8754 0.1619
vn -0.5075 -0.8579 0.0807
vn -0.4160 -0.8595 0.2972
vn -0.4296 -0.8588 0.2790
vn -0.4074 -0.8352 0.3695
vn -0.3737 -0.8094 0.4530
vn -0.3875 -0.7946 0.4674
vn -0.3047 -0.8219 0.4814
vn -0.2782 -0.7644 0.5816
vn 0.0002 0.9956 0.0934
vn 0.0279 0.9994 0.0220
vn 0.0085 0.9974 0.0721
vn 0.0365 0.9993 -0.0000
vt 0.413300 0.032700
vt 0.413300 0.023400
vt 0.455800 0.028300
vt 0.220800 0.635000
vt 0.225100 0.633500
vt 0.225200 0.635000
vt 0.221100 0.633100
vt 0.216800 0.635300
vt 0.217200 0.632600
vt 0.213300 0.635500
vt 0.213400 0.632100
vt 0.209500 0.631800
vt 0.209500 0.635500
vt 0.209500 0.638900
vt 0.213300 0.638700
vt 0.217000 0.637900
vt 0.220900 0.637200
vt 0.225100 0.637000
vt 0.229900 0.635000
vt 0.229900 0.633300
vt 0.229900 0.500000
vt 0.229900 0.637000
vt 0.229900 0.732200
vt 0.225100 0.732200
vt 0.220900 0.731700
vt 0.217000 0.731000
vt 0.213300 0.730200
vt 0.213300 0.733400
vt 0.216800 0.733600
vt 0.221100 0.735800
vt 0.220800 0.733900
vt 0.229900 0.733900
vt 0.225200 0.733900
vt 0.225100 0.735600
vt 0.224100 0.869000
vt 0.219700 0.869100
vt 0.219700 0.878500
vt 0.215300 0.869300
vt 0.215100 0.877700
vt 0.224500 0.878100
vt 0.229900 0.869100
vt 0.229900 0.735600
vt 0.229900 0.876400
vt 0.209500 0.869300
vt 0.209500 0.876800
vt 0.213400 0.737100
vt 0.209500 0.737300
vt 0.209500 0.733400
vt 0.209500 0.730000
vt 0.217200 0.736600
vt 0.219500 0.188500
vt 0.207400 0.191900
vt 0.218500 0.185500
vt 0.207400 0.189500
vt 0.196300 0.185500
vt 0.195300 0.188500
vt 0.197400 0.145500
vt 0.217500 0.145500
vt -0.279800 0.536400
vt -0.273900 0.543500
vt -0.279800 0.543500
vt -0.279800 0.548300
vt -0.274200 0.548300
vt -0.274700 0.558300
vt -0.270800 0.558300
vt -0.279800 0.558300
vt -0.263700 0.548300
vt -0.267300 0.543500
vt -0.263900 0.543500
vt -0.267300 0.548300
vt -0.267100 0.558300
vt -0.270500 0.548300
vt -0.270800 0.543500
vt -0.274700 0.536400
vt -0.263200 0.558300
vt -0.258100 0.558300
vt -0.258100 0.548300
vt -0.258100 0.543500
vt -0.258100 0.536400
vt -0.273900 0.295400
vt -0.270500 0.290500
vt -0.270500 0.295400
vt -0.267300 0.290500
vt -0.267300 0.295400
vt -0.263900 0.295400
vt -0.263200 0.303200
vt -0.258100 0.303200
vt -0.263200 0.536400
vt -0.263700 0.290500
vt -0.270800 0.280300
vt -0.266800 0.280300
vt -0.263200 0.280800
vt -0.258100 0.281300
vt -0.258100 0.290500
vt -0.258100 0.295400
vt -0.274200 0.290500
vt -0.274700 0.303200
vt -0.279800 0.303200
vt -0.279800 0.295400
vt -0.279800 0.290500
vt -0.279800 0.280800
vt -0.274700 0.280300
vt -0.267100 0.303200
vt -0.267100 0.536400
vt -0.270800 0.303200
vt -0.270800 0.536400
vt 0.216700 0.477100
vt 0.213700 0.479500
vt 0.210700 0.477100
vt 0.220700 0.467300
vt 0.206700 0.467300
vt 0.223300 0.456500
vt 0.204100 0.456500
vt 0.224700 0.444300
vt 0.202600 0.444300
vt 0.224100 0.412600
vt 0.203200 0.412600
vt 0.223400 0.391600
vt 0.204000 0.391600
vt 0.217500 0.142600
vt 0.197400 0.142600
vt 0.208600 0.180700
vt 0.200900 0.177700
vt 0.216400 0.177700
vt 0.215600 0.150400
vt 0.201700 0.150400
vt 0.193200 0.185100
vt 0.194300 0.145500
vt 0.220500 0.145500
vt 0.221600 0.185100
vt 0.161700 0.913300
vt 0.161500 0.915000
vt 0.005900 0.913500
vt 0.006200 0.915200
vt 0.144500 0.827300
vt 0.022500 0.827500
vt 0.062700 0.997000
vt 0.112100 0.997000
vt 0.202600 0.759300
vt 0.202600 0.760500
vt 0.002800 0.759200
vt 0.002800 0.760500
vt 0.203700 0.701900
vt 0.203700 0.703900
vt 0.001900 0.701900
vt 0.001900 0.703900
vt 0.186600 0.637900
vt 0.014600 0.637900
vt 0.022100 0.822000
vt 0.183300 0.822000
vt 0.584500 0.983300
vt 0.584500 0.925000
vt 0.615700 0.983300
vt 0.615700 0.925400
vt 0.625000 0.930500
vt 0.625000 0.983300
vt 0.158100 0.022500
vt 0.206700 0.022500
vt 0.203400 0.053700
vt 0.051100 0.022500
vt 0.051900 0.002900
vt 0.005800 0.053700
vt 0.189800 0.099600
vt 0.019400 0.099600
vt 0.002500 0.022500
vt 0.157300 0.002900
vt 0.996100 0.217800
vt 0.997100 0.322800
vt 0.887200 0.265100
vt 0.887200 0.313500
vt 0.887200 0.361800
vt 0.996600 0.458000
vt 0.887200 0.459500
vt 0.996600 0.573200
vt 0.887200 0.573000
vt 0.887200 0.680700
vt 0.887200 0.803200
vt 0.995100 0.920700
vt 0.887200 0.920700
vt 0.887200 0.024900
vt 0.997100 0.046900
vt 0.887200 0.043000
vt 0.887200 0.064000
vt 0.887200 0.090800
vt 0.994600 0.127900
vt 0.887200 0.114300
vt 0.887200 0.146500
vt 0.887200 0.184100
vt 0.887200 0.230500
vt 0.858900 0.993000
vt 0.858900 0.987500
vt 0.876000 0.993000
vt 0.876000 0.981800
vt 0.844700 0.981800
vt 0.837900 0.987100
vt 0.877000 0.924900
vt 0.885300 0.932700
vt 0.877000 0.980800
vt 0.885300 0.980800
vt 0.876000 0.924400
vt 0.844200 0.925000
vt 0.835000 0.930400
vt 0.835000 0.981800
vt 0.845700 0.515100
vt 0.845700 0.680900
vt 0.836400 0.681600
vt 0.845700 0.799200
vt 0.835000 0.920700
vt 0.832500 0.117700
vt 0.844200 0.151400
vt 0.835000 0.184100
vt 0.845200 0.186500
vt 0.845700 0.230500
vt 0.835400 0.248500
vt 0.845700 0.271500
vt 0.845700 0.313000
vt 0.836400 0.363800
vt 0.845700 0.363300
vt 0.789600 0.034200
vt 0.820300 0.019500
vt 0.824200 0.036600
vt 0.794900 0.071800
vt 0.744100 0.053200
vt 0.827600 0.060100
vt 0.748000 0.081500
vt 0.798300 0.159200
vt 0.799800 0.245600
vt 0.799800 0.361800
vt 0.801300 0.687500
vt 0.747600 0.717000
vt 0.748000 0.409700
vt 0.747100 0.289100
vt 0.748500 0.183600
vt 0.800300 0.920700
vt 0.747600 0.920700
vt 0.451700 0.140600
vt 0.451400 0.154300
vt 0.448700 0.140600
vt 0.448500 0.153800
vt 0.451200 0.157200
vt 0.448500 0.157200
vt 0.451700 0.159700
vt 0.448700 0.159700
vt 0.455600 0.141100
vt 0.455600 0.154800
vt 0.455600 0.156700
vt 0.455600 0.159200
vt 0.455600 0.211900
vt 0.451700 0.211900
vt 0.448700 0.211400
vt 0.445800 0.211400
vt 0.445800 0.159700
vt 0.446000 0.157200
vt 0.445800 0.153800
vt 0.445800 0.140600
vt 0.445800 0.214400
vt 0.442900 0.211400
vt 0.442900 0.159200
vt 0.443400 0.157200
vt 0.443100 0.154300
vt 0.442600 0.140600
vt 0.438700 0.154800
vt 0.438700 0.141100
vt 0.438700 0.159200
vt 0.438700 0.156700
vt 0.451400 0.217300
vt 0.448500 0.214400
vt 0.451200 0.214400
vt 0.448500 0.217800
vt 0.445800 0.217800
vt 0.443100 0.217300
vt 0.443400 0.214400
vt 0.438700 0.211900
vt 0.438700 0.214400
vt 0.438700 0.216800
vt 0.438700 0.233400
vt 0.442600 0.233900
vt 0.445800 0.233900
vt 0.448700 0.233900
vt 0.451700 0.233900
vt 0.455600 0.233400
vt 0.455600 0.216800
vt 0.455600 0.214400
vt 0.832000 0.014200
vt 0.833500 0.022900
vt 0.834500 0.030300
vt 0.835400 0.043000
vt 0.837400 0.058100
vt 0.840300 0.086400
vt 0.842300 0.117700
vt 0.742700 0.959300
vt 0.742700 0.958500
vt 0.820300 0.959200
vt 0.819800 0.958500
vt 0.820800 0.958600
vt 0.820300 0.966400
vt 0.820800 0.966400
vt 0.742700 0.966400
vt 0.742200 0.966400
vt 0.742200 0.958600
vt 0.742200 0.929700
vt 0.742700 0.929700
vt 0.819800 0.929700
vt 0.820800 0.929700
vt 0.828100 0.929700
vt 0.828100 0.958600
vt 0.734900 0.929700
vt 0.734900 0.958600
vt 0.869600 0.115700
vt 0.866700 0.083500
vt 0.861800 0.055200
vt 0.858400 0.040500
vt 0.856000 0.028300
vt 0.855500 0.021500
vt 0.856000 0.012700
vt 0.638200 0.958200
vt 0.638200 0.957300
vt 0.721700 0.958200
vt 0.721700 0.957300
vt 0.722700 0.957400
vt 0.721700 0.965800
vt 0.722700 0.965800
vt 0.638200 0.965900
vt 0.637700 0.965900
vt 0.637700 0.957400
vt 0.637700 0.929200
vt 0.638200 0.929200
vt 0.721700 0.929200
vt 0.722700 0.929200
vt 0.730000 0.929200
vt 0.730000 0.957400
vt 0.629900 0.929200
vt 0.629900 0.957400
vt 0.876000 0.312500
vt 0.876000 0.271000
vt 0.875000 0.229500
vt 0.873500 0.185100
vt 0.872100 0.149400
vt 0.876000 0.799200
vt 0.876000 0.680900
vt 0.876000 0.569300
vt 0.876000 0.458000
vt 0.876000 0.363300
vt 0.873000 0.149400
vt 0.870600 0.115700
vt 0.885300 0.146500
vt 0.885300 0.114300
vt 0.885300 0.090800
vt 0.867700 0.084500
vt 0.885300 0.064000
vt 0.862800 0.056200
vt 0.885300 0.042500
vt 0.859400 0.040500
vt 0.856400 0.028800
vt 0.885300 0.024900
vt 0.856000 0.021500
vt 0.856900 0.013200
vt 0.877000 0.363300
vt 0.877000 0.312500
vt 0.885300 0.361800
vt 0.885300 0.313500
vt 0.876500 0.270500
vt 0.885300 0.265600
vt 0.876000 0.230000
vt 0.885300 0.230500
vt 0.885300 0.184600
vt 0.874500 0.185100
vt 0.877000 0.799200
vt 0.885300 0.920700
vt 0.877000 0.923900
vt 0.885300 0.802200
vt 0.885300 0.680700
vt 0.877000 0.681400
vt 0.885300 0.572500
vt 0.877000 0.569600
vt 0.885300 0.459500
vt 0.877000 0.458000
vt 0.997600 0.931800
vt 0.997600 0.933100
vt 0.991200 0.931800
vt 0.991200 0.990100
vt 0.997600 0.991500
vt 0.991200 0.991500
vt 0.997600 0.990100
vt 0.991200 0.961600
vt 0.991200 0.933100
vt 0.990200 0.932400
vt 0.990200 0.961600
vt 0.990200 0.990800
vt 0.943800 0.990800
vt 0.943800 0.991500
vt 0.897500 0.990800
vt 0.897900 0.991500
vt 0.897900 0.997800
vt 0.989700 0.997800
vt 0.989700 0.991500
vt 0.896500 0.990100
vt 0.896500 0.990900
vt 0.896500 0.961600
vt 0.897500 0.961600
vt 0.943800 0.961600
vt 0.943800 0.932400
vt 0.943800 0.931800
vt 0.989700 0.931800
vt 0.897500 0.932400
vt 0.989700 0.925400
vt 0.897900 0.925400
vt 0.897900 0.931800
vt 0.897000 0.931300
vt 0.896500 0.933100
vt 0.201700 0.892800
vt 0.202300 0.892800
vt 0.188100 0.892800
vt 0.174700 0.892800
vt 0.175200 0.895600
vt 0.174300 0.895700
vt 0.174000 0.892800
vt 0.231900 0.940200
vt 0.231900 0.893600
vt 0.238300 0.893600
vt 0.238300 0.986200
vt 0.238300 0.987000
vt 0.231900 0.986200
vt 0.231300 0.986300
vt 0.231300 0.939900
vt 0.202300 0.939900
vt 0.231300 0.893500
vt 0.202300 0.893500
vt 0.203100 0.892800
vt 0.231200 0.892800
vt 0.231900 0.939100
vt 0.173300 0.939900
vt 0.202300 0.986300
vt 0.203100 0.987000
vt 0.231200 0.987000
vt 0.231900 0.886400
vt 0.231200 0.886400
vt 0.201900 0.892800
vt 0.173500 0.886400
vt 0.173500 0.892800
vt 0.172700 0.893600
vt 0.173300 0.893500
vt 0.172700 0.939100
vt 0.172700 0.886400
vt 0.166300 0.893600
vt 0.166300 0.986200
vt 0.172700 0.986200
vt 0.173500 0.993300
vt 0.172700 0.993300
vt 0.173500 0.987000
vt 0.173300 0.986300
vt 0.172700 0.940200
vt 0.201900 0.987000
vt 0.231200 0.993300
vt 0.051500 0.132800
vt 0.052600 0.158700
vt 0.008400 0.132800
vt 0.007300 0.158700
vt 0.018400 0.170400
vt 0.043200 0.169900
vt 0.030800 0.173800
vt 0.027200 0.176300
vt 0.013600 0.171900
vt 0.003200 0.159700
vt 0.040700 0.171900
vt 0.052500 0.159200
vt 0.051700 0.131300
vt 0.004000 0.131300
vt 0.026000 0.177700
vt 0.012200 0.172900
vt 0.001500 0.159700
vt 0.053900 0.160200
vt 0.041100 0.173300
vt 0.027100 0.178200
vt 0.053500 0.131300
vt 0.002300 0.131300
vt 0.007600 0.132300
vt 0.051000 0.132300
vt 0.006400 0.158200
vt 0.052200 0.158200
vt 0.042700 0.169900
vt 0.017700 0.169900
vt 0.030200 0.173800
vt 0.052700 0.131300
vt 0.053000 0.158700
vt 0.050900 0.131300
vt 0.051600 0.158200
vt 0.002800 0.158700
vt 0.003500 0.131300
vt 0.004400 0.158700
vt 0.005200 0.131300
vt 0.040300 0.170400
vt 0.027500 0.174300
vt 0.026900 0.175800
vt 0.014400 0.170400
vt 0.013000 0.171900
vt 0.015600 0.172900
vt 0.016700 0.171400
vt 0.029300 0.176800
vt 0.029900 0.175300
vt 0.042900 0.172900
vt 0.043100 0.170900
vt 0.054500 0.158700
vt 0.055900 0.159200
vt 0.044000 0.172400
vt 0.015100 0.171900
vt 0.006600 0.159200
vt 0.005000 0.159200
vt 0.004100 0.130400
vt 0.052200 0.130400
vt 0.002800 0.159200
vt 0.053500 0.159200
vt 0.015200 0.172400
vt 0.042900 0.172400
vt 0.029100 0.176800
vt 0.007500 0.131300
vt 0.053700 0.131300
vt 0.028900 0.449700
vt 0.017300 0.444800
vt 0.040500 0.444800
vt 0.045300 0.433600
vt 0.012500 0.433600
vt 0.040500 0.422900
vt 0.017300 0.422900
vt 0.028900 0.418000
vt 0.494900 0.979600
vt 0.495400 0.937300
vt 0.499800 0.979800
vt 0.488300 0.937300
vt 0.490200 0.979900
vt 0.481000 0.937300
vt 0.485800 0.980900
vt 0.474400 0.937300
vt 0.480700 0.982500
vt 0.475100 0.984700
vt 0.494900 0.993500
vt 0.468500 0.937300
vt 0.504400 0.980800
vt 0.509300 0.982400
vt 0.514600 0.984800
vt 0.521500 0.937300
vt 0.515600 0.937300
vt 0.508800 0.937300
vt 0.502000 0.937300
vt 0.452600 0.048300
vt 0.448700 0.056600
vt 0.442600 0.053200
vt 0.457500 0.030300
vt 0.454600 0.011700
vt 0.445100 0.006300
vt 0.451400 0.003400
vt 0.425500 0.011700
vt 0.423800 0.045900
vt 0.405000 0.016100
vt 0.403800 0.039100
vt 0.381300 0.020000
vt 0.380600 0.033200
vt 0.258100 0.018600
vt 0.258100 0.022000
vt 0.279800 0.200700
vt 0.269000 0.230500
vt 0.258800 0.200200
vt 0.248800 0.173800
vt 0.290500 0.174300
vt 0.236800 0.148900
vt 0.303200 0.149900
vt 0.230100 0.139200
vt 0.235200 0.117200
vt 0.244900 0.109900
vt 0.270500 0.105500
vt 0.296100 0.110400
vt 0.305700 0.118200
vt 0.310100 0.140100
vt 0.055500 0.131300
vt 0.005700 0.131300
vt 0.387900 0.030300
vt 0.387900 0.024400
vt -0.789100 0.072800
vt -0.784200 0.072300
vt -0.787600 0.026400
vt -0.783200 0.013200
vt -0.777800 0.019000
vt -0.760300 0.032200
vt -0.763200 0.069300
vt -0.739700 0.042500
vt -0.741200 0.067900
vt -0.714800 0.050300
vt -0.715800 0.066400
vt -0.579100 0.050300
vt -0.579100 0.065400
vt -0.597700 0.083000
vt -0.714800 0.087400
vt -0.739700 0.088400
vt -0.760300 0.095200
vt -0.783200 0.104000
vt -0.790000 0.111300
vt 0.210200 0.380400
vt 0.252900 0.364700
vt 0.251500 0.386700
vt 0.154900 0.295900
vt 0.155500 0.364700
vt 0.129900 0.296900
vt 0.171300 0.358900
vt 0.168100 0.372600
vt 0.212300 0.360800
vt 0.255100 0.291500
vt 0.214800 0.291500
vt 0.211800 0.231900
vt 0.171000 0.236300
vt 0.173100 0.294400
vt 0.155600 0.230000
vt 0.129900 0.231000
vt 0.104900 0.295900
vt 0.104200 0.364700
vt 0.088500 0.358900
vt 0.252900 0.229000
vt 0.209800 0.206500
vt 0.168500 0.216800
vt 0.251500 0.198700
vt 0.163800 0.460900
vt 0.129800 0.462400
vt 0.159800 0.417500
vt 0.176400 0.416000
vt 0.155600 0.376000
vt 0.129900 0.363800
vt 0.104100 0.376000
vt 0.091600 0.372600
vt 0.180500 0.459500
vt 0.099800 0.417500
vt 0.083300 0.416000
vt 0.095800 0.460900
vt 0.079100 0.459500
vt 0.129800 0.419400
vt 0.129900 0.380400
vt 0.238500 0.749300
vt 0.235800 0.752700
vt 0.235800 0.749300
vt 0.238500 0.747800
vt 0.235800 0.747800
vt 0.238500 0.752600
vt 0.238600 0.756000
vt 0.241000 0.749300
vt 0.241000 0.747800
vt 0.243500 0.747800
vt 0.233300 0.747800
vt 0.235800 0.654100
vt 0.238300 0.654100
vt 0.240800 0.654100
vt 0.243400 0.654100
vt 0.246000 0.654100
vt 0.246000 0.747800
vt 0.248500 0.654100
vt 0.233300 0.654100
vt 0.248500 0.747800
vt 0.251000 0.654300
vt 0.251000 0.747800
vt 0.253700 0.654300
vt 0.253700 0.747800
vt 0.251000 0.749300
vt 0.253700 0.749300
vt 0.251000 0.752600
vt 0.253700 0.752400
vt 0.250700 0.756000
vt 0.248500 0.766200
vt 0.248200 0.761200
vt 0.251000 0.766200
vt 0.250700 0.761800
vt 0.248300 0.755900
vt 0.248500 0.752400
vt 0.248500 0.749300
vt 0.246000 0.749300
vt 0.253700 0.756100
vt 0.253700 0.762300
vt 0.253700 0.766200
vt 0.248500 0.882800
vt 0.243400 0.882900
vt 0.253700 0.882800
vt 0.245800 0.756100
vt 0.245700 0.761100
vt 0.246000 0.766200
vt 0.243500 0.766100
vt 0.238300 0.882900
vt 0.241000 0.766100
vt 0.238400 0.766000
vt 0.233300 0.882800
vt 0.243700 0.761100
vt 0.241300 0.761200
vt 0.243700 0.756100
vt 0.238600 0.761700
vt 0.236100 0.756100
vt 0.233300 0.752700
vt 0.233300 0.749300
vt 0.233300 0.755700
vt 0.233300 0.762100
vt 0.236100 0.762000
vt 0.235800 0.766000
vt 0.233300 0.766000
vt 0.129900 0.208500
vt 0.099400 0.172400
vt 0.129900 0.170400
vt 0.095000 0.130400
vt 0.129900 0.128900
vt 0.160300 0.172400
vt 0.156700 0.212400
vt 0.176900 0.175300
vt 0.181000 0.132800
vt 0.164700 0.130400
vt 0.103000 0.212400
vt 0.082800 0.175300
vt 0.078600 0.132800
vt 0.091300 0.216800
vt 0.104100 0.230000
vt 0.088700 0.236300
vt 0.086700 0.294400
vt 0.045000 0.291500
vt 0.047500 0.360800
vt 0.049600 0.380400
vt 0.006800 0.364700
vt 0.004700 0.291500
vt 0.048000 0.231900
vt 0.008200 0.386700
vt 0.006800 0.229000
vt 0.050000 0.207000
vt 0.008400 0.198700
vt 0.719700 0.536400
vt 0.725600 0.543500
vt 0.719700 0.543500
vt 0.719700 0.548300
vt 0.725600 0.548300
vt 0.725100 0.558300
vt 0.729000 0.558300
vt 0.719700 0.558300
vt 0.725600 0.295400
vt 0.719700 0.303200
vt 0.719700 0.295400
vt 0.725100 0.303200
vt 0.725100 0.536400
vt 0.729000 0.543500
vt 0.729000 0.548300
vt 0.732400 0.548300
vt 0.729000 0.295400
vt 0.728500 0.303200
vt 0.732400 0.295400
vt 0.732400 0.303200
vt 0.732400 0.536400
vt 0.728500 0.536400
vt 0.736300 0.303200
vt 0.736300 0.536400
vt 0.735800 0.295400
vt 0.732400 0.290500
vt 0.729000 0.290500
vt 0.725600 0.290500
vt 0.735800 0.290500
vt 0.736300 0.280800
vt 0.732400 0.280300
vt 0.729000 0.280300
vt 0.725100 0.280300
vt 0.719700 0.280800
vt 0.719700 0.290500
vt 0.732400 0.543500
vt 0.735800 0.543500
vt 0.741700 0.536400
vt 0.741700 0.303200
vt 0.741700 0.295400
vt 0.741700 0.290500
vt 0.741700 0.281300
vt 0.741700 0.543500
vt 0.741700 0.548300
vt 0.735800 0.548300
vt 0.732400 0.558300
vt 0.736300 0.558300
vt 0.741700 0.558300
vt 0.584500 0.801500
vt 0.583500 0.684100
vt 0.584500 0.683300
vt 0.583500 0.801500
vt 0.583500 0.924600
vt 0.584000 0.272900
vt 0.585000 0.273400
vt 0.583500 0.315400
vt 0.584500 0.315400
vt 0.583500 0.366700
vt 0.584500 0.366700
vt 0.583500 0.461400
vt 0.584500 0.461400
vt 0.584500 0.572800
vt 0.583500 0.572800
vt 0.591800 0.112300
vt 0.595200 0.079600
vt 0.596200 0.078600
vt 0.590800 0.112300
vt 0.588400 0.147900
vt 0.589400 0.147900
vt 0.586400 0.185500
vt 0.587400 0.185500
vt 0.585900 0.231900
vt 0.585000 0.231900
vt 0.607400 0.006800
vt 0.607900 0.016100
vt 0.606400 0.007300
vt 0.607400 0.016100
vt 0.606900 0.023900
vt 0.606400 0.023900
vt 0.604500 0.036600
vt 0.603500 0.037100
vt 0.601100 0.052700
vt 0.600100 0.053700
vt 0.216300 0.105000
vt 0.214800 0.072800
vt 0.237200 0.095700
vt 0.237100 0.069800
vt 0.239700 0.032200
vt 0.260300 0.043000
vt 0.258800 0.068400
vt 0.284700 0.050800
vt 0.284400 0.066900
vt 0.420900 0.065900
vt 0.402300 0.083500
vt 0.285400 0.087900
vt 0.259300 0.088900
vt 0.420900 0.050800
vt 0.981900 0.002000
vt 0.972200 0.031300
vt 0.971200 0.015600
vt 0.985400 0.039100
vt 0.995100 0.009800
vt 0.996100 0.025400
vt 0.219700 0.490700
vt 0.215300 0.500000
vt 0.215100 0.491200
vt 0.219700 0.500000
vt 0.224100 0.500000
vt 0.224400 0.490700
vt 0.229900 0.492700
vt 0.209500 0.499500
vt 0.209500 0.492700
vt 0.601600 0.988800
vt 0.623000 0.988800
vt 0.584500 0.993900
vt 0.601100 0.993900
vt 0.222200 0.018600
vt 0.209600 0.111800
vt 0.210400 0.072800
vt 0.212500 0.026400
vt 0.217000 0.013200
vt 0.415800 0.981300
vt 0.464100 0.999000
vt 0.416300 0.998900
vt 0.450400 0.892200
vt 0.262700 0.892200
vt 0.297400 0.981400
vt 0.249300 0.999000
vt 0.297100 0.998900
vt 0.417700 0.115700
vt 0.424300 0.114700
vt 0.416300 0.106000
vt 0.433600 0.125000
vt 0.434100 0.114700
vt 0.429200 0.125000
vt 0.429200 0.114700
vt 0.425000 0.125000
vt 0.420700 0.125000
vt 0.416500 0.125000
vt 0.409700 0.117700
vt 0.406300 0.106000
vt 0.441400 0.115700
vt 0.442400 0.106000
vt 0.434100 0.105500
vt 0.434300 0.097200
vt 0.441900 0.096700
vt 0.445100 0.084500
vt 0.439500 0.084500
vt 0.450700 0.095200
vt 0.452100 0.106000
vt 0.449700 0.117700
vt 0.445100 0.125000
vt 0.439500 0.125000
vt 0.423800 0.105500
vt 0.429000 0.106000
vt 0.429200 0.097200
vt 0.429200 0.084500
vt 0.433600 0.084500
vt 0.408400 0.095200
vt 0.417000 0.096700
vt 0.416500 0.084500
vt 0.420700 0.084500
vt 0.425000 0.084500
vt 0.424300 0.097200
vt 0.461200 0.220200
vt 0.573200 0.267600
vt 0.462400 0.326700
vt 0.573200 0.232400
vt 0.573200 0.184600
vt 0.460700 0.126000
vt 0.573200 0.145000
vt 0.573200 0.110400
vt 0.573200 0.085400
vt 0.457500 0.052200
vt 0.573200 0.061500
vt 0.573200 0.039100
vt 0.573200 0.020000
vt 0.932600 0.019500
vt 0.928700 0.003400
vt 0.934600 0.010300
vt 0.925800 0.024900
vt 0.916500 0.023400
vt 0.919900 0.001500
vt 0.912600 0.007300
vt 0.911100 0.016100
vt 0.246000 0.752400
vt 0.243500 0.752400
vt 0.243500 0.749300
vt 0.241000 0.752600
vt 0.241200 0.755900
vt 0.731900 0.005400
vt 0.731900 0.002900
vt 0.736300 0.005400
vt 0.736300 0.002900
vt 0.731900 0.016600
vt 0.729000 0.005400
vt 0.701200 0.016600
vt 0.701200 0.012200
vt 0.573200 0.804800
vt 0.573200 0.922500
vt 0.466100 0.922500
vt 0.464400 0.576700
vt 0.573200 0.683100
vt 0.573200 0.576200
vt 0.573200 0.463400
vt 0.463900 0.461900
vt 0.573200 0.364700
vt 0.573200 0.316400
vt 0.631300 0.114700
vt 0.627900 0.184600
vt 0.618200 0.149900
vt 0.617200 0.187000
vt 0.616200 0.232400
vt 0.627400 0.251000
vt 0.615700 0.273900
vt 0.615700 0.315900
vt 0.624000 0.367700
vt 0.615700 0.366700
vt 0.615700 0.518600
vt 0.623500 0.684300
vt 0.615700 0.683600
vt 0.615700 0.801500
vt 0.625000 0.922500
vt 0.738800 0.005400
vt 0.736300 0.016600
vt 0.767100 0.016600
vt 0.767100 0.012200
vt 0.206300 0.580300
vt 0.205800 0.580800
vt 0.001100 0.580300
vt 0.001600 0.581100
vt 0.200900 0.521500
vt 0.201400 0.522200
vt 0.005900 0.521500
vt 0.005500 0.522000
vt 0.191700 0.472700
vt 0.015100 0.472200
vt 0.015400 0.630100
vt 0.192000 0.630400
vt 0.781300 0.981600
vt 0.781300 0.979600
vt 0.784700 0.981400
vt 0.784700 0.979600
vt 0.784700 0.977700
vt 0.781300 0.977500
vt 0.781300 0.983900
vt 0.784700 0.983900
vt 0.820300 0.983900
vt 0.820300 0.981500
vt 0.820300 0.979600
vt 0.820300 0.977700
vt 0.820300 0.975200
vt 0.784700 0.975200
vt 0.781300 0.975200
vt 0.739700 0.981300
vt 0.739700 0.979200
vt 0.743200 0.981100
vt 0.743200 0.979200
vt 0.743200 0.977400
vt 0.739700 0.977200
vt 0.739700 0.983600
vt 0.743200 0.983600
vt 0.778800 0.983600
vt 0.778800 0.981100
vt 0.778800 0.979200
vt 0.778800 0.977400
vt 0.778800 0.974900
vt 0.743200 0.974900
vt 0.739700 0.974900
vt 0.620600 0.115200
vt 0.623500 0.082000
vt 0.627000 0.056600
vt 0.628900 0.040000
vt 0.630900 0.026900
vt 0.631800 0.018600
vt 0.633800 0.009300
vt 0.573200 0.983300
vt 0.575200 0.980200
vt 0.583500 0.980200
vt 0.583500 0.925500
vt 0.575200 0.933400
vt 0.573200 0.934300
vt 0.575200 0.365200
vt 0.575200 0.462900
vt 0.575200 0.575900
vt 0.575200 0.683300
vt 0.575200 0.803700
vt 0.575200 0.922500
vt 0.575200 0.145000
vt 0.575200 0.185100
vt 0.575200 0.232400
vt 0.575200 0.268100
vt 0.575200 0.316400
vt 0.575200 0.020000
vt 0.575200 0.039100
vt 0.575200 0.061500
vt 0.575200 0.085400
vt 0.575200 0.110400
vt 0.298300 0.988200
vt 0.415000 0.988200
vt 0.887200 0.981800
vt 0.678700 0.032200
vt 0.641600 0.033700
vt 0.646500 0.015100
vt 0.671900 0.071800
vt 0.637200 0.059100
vt 0.665500 0.159200
vt 0.663100 0.248500
vt 0.660600 0.365700
vt 0.658200 0.690200
vt 0.712400 0.414100
vt 0.711900 0.719500
vt 0.714800 0.293500
vt 0.716800 0.186000
vt 0.720200 0.087400
vt 0.726100 0.054200
vt 0.659200 0.922500
vt 0.711900 0.922500
vt 0.887200 0.933500
vt 0.966300 0.017100
vt 0.958500 0.003900
vt 0.955100 0.027800
vt 0.943400 0.003900
vt 0.940900 0.023400
vt 0.938000 0.013200
vt 0.464600 0.015600
vt 0.472400 0.032200
vt 0.479000 0.003900
vt 0.490200 0.033700
vt 0.495800 0.010700
vt 0.498500 0.023400
vt 0.718300 0.922500
vt 0.718300 0.565400
vt 0.721700 0.922400
vt 0.721700 0.565400
vt 0.724100 0.922400
vt 0.724100 0.565400
vt 0.727500 0.565400
vt 0.727500 0.922600
vt 0.730500 0.565700
vt 0.730500 0.922800
vt 0.733400 0.565700
vt 0.733400 0.922700
vt 0.736800 0.922500
vt 0.736800 0.565400
vt 0.736300 0.052200
vt 0.731900 0.052200
vt 0.736300 0.047400
vt 0.731900 0.047400
vt 0.729500 0.005400
vt 0.739300 0.005400
vt 0.356400 0.090800
vt 0.398400 0.143600
vt 0.314500 0.143600
vt 0.429200 0.218800
vt 0.283900 0.218800
vt 0.448700 0.312000
vt 0.264400 0.312000
vt 0.458700 0.438500
vt 0.254400 0.438500
vt 0.460200 0.550000
vt 0.252900 0.550000
s 1
usemtl boat_INST
f 9/15/7 10/16/7 11/17/7
f 12/18/8 13/19/9 14/20/10
f 15/21/11 13/19/9 12/18/8
f 16/22/12 15/21/11 12/18/8
f 17/23/13 15/21/11 16/22/12
f 18/24/14 17/23/13 16/22/12
f 19/25/15 17/23/13 18/24/14
f 19/25/15 18/24/14 20/26/16
f 20/26/16 18/24/14 21/27/17
f 18/24/14 22/28/18 21/27/17
f 23/29/19 18/24/14 24/30/20
f 24/30/20 18/24/14 16/22/12
f 24/30/20 16/22/12 25/31/21
f 25/31/21 16/22/12 12/18/8
f 25/31/21 12/18/8 26/32/22
f 26/32/22 12/18/23 14/20/10
f 21/33/24 26/32/22 14/20/10
f 13/19/9 21/33/24 14/20/10
f 20/34/25 21/33/24 13/19/9
f 20/34/25 13/19/9 27/35/26
f 22/36/27 26/32/22 21/33/24
f 22/36/27 28/37/28 26/32/22
f 26/32/22 28/37/28 29/38/29
f 26/32/22 29/38/29 25/31/21
f 25/31/21 29/38/29 30/39/30
f 25/31/21 30/39/30 24/30/20
f 24/30/20 30/39/30 31/40/31
f 24/30/20 31/40/31 23/29/19
f 23/29/19 31/40/31 32/41/32
f 32/41/32 31/40/31 33/42/33
f 31/40/31 30/39/30 34/43/34
f 35/44/35 34/43/34 36/45/36
f 34/43/34 30/39/30 36/45/36
f 30/39/30 29/38/29 36/45/36
f 28/37/28 37/46/37 29/38/29
f 29/38/29 37/46/37 38/47/38
f 36/45/36 29/38/29 38/47/38
f 39/48/39 36/45/36 38/47/38
f 35/44/35 36/45/36 39/48/39
f 35/44/35 39/48/39 40/49/40
f 41/50/41 35/44/35 40/49/40
f 41/50/41 40/49/40 42/51/42
f 41/50/41 42/51/42 43/52/43
f 43/52/43 42/51/42 44/53/44
f 42/51/42 40/49/40 45/54/45
f 40/49/40 46/55/46 45/54/45
f 40/49/40 39/48/39 46/55/46
f 39/48/39 47/56/47 46/55/46
f 47/56/47 39/48/39 37/46/37
f 37/46/37 39/48/39 38/47/38
f 45/54/45 46/55/46 48/57/48
f 46/58/49 44/53/44 48/59/50
f 43/52/43 44/53/44 46/58/49
f 46/58/49 49/60/51 43/52/43
f 47/61/52 49/60/51 46/58/49
f 49/60/51 47/61/52 33/42/33
f 33/42/33 47/61/52 37/62/53
f 28/63/54 33/42/33 37/62/53
f 32/41/32 33/42/33 28/63/54
f 22/28/18 32/41/32 28/63/54
f 23/29/19 32/41/32 22/28/18
f 23/29/19 22/28/18 18/24/14
f 33/42/33 31/40/31 34/43/34
f 50/64/55 33/42/33 34/43/34
f 50/64/55 34/43/34 35/44/35
f 50/64/55 35/44/35 41/50/41
f 43/52/43 50/64/55 41/50/41
f 49/60/51 50/64/55 43/52/43
f 49/60/51 33/42/33 50/64/55
f 51/65/56 52/66/57 53/67/56
f 53/67/56 52/66/57 54/68/57
f 54/68/57 52/66/57 55/69/58
f 55/69/58 52/66/57 56/70/58
f 57/71/59 58/72/59 55/69/59
f 55/69/59 58/72/59 53/67/59
f 53/67/59 54/68/59 55/69/59
f 59/73/60 60/74/61 61/75/62
f 60/74/61 62/76/63 61/75/62
f 63/77/64 62/76/63 60/74/61
f 64/78/65 62/76/63 63/77/64
f 64/78/65 63/77/64 65/79/66
f 66/80/67 62/76/63 64/78/65
f 67/81/68 68/82/69 69/83/70
f 70/84/71 68/82/69 67/81/68
f 67/81/68 71/85/72 70/84/71
f 71/85/72 65/79/66 70/84/71
f 70/84/71 65/79/66 72/86/73
f 65/79/66 63/77/64 72/86/73
f 72/86/73 63/77/64 73/87/74
f 73/87/74 63/77/64 60/74/61
f 74/88/75 73/87/74 60/74/61
f 74/88/75 60/74/61 59/73/60
f 75/89/76 71/85/72 67/81/68
f 66/90/77 75/89/76 62/91/78
f 62/91/78 75/89/76 67/81/68
f 67/81/68 69/83/70 62/91/78
f 62/91/78 69/83/70 61/92/79
f 69/83/70 59/93/80 61/92/79
f 76/94/81 77/95/82 78/96/83
f 77/95/82 79/97/84 78/96/83
f 78/96/83 79/97/84 80/98/85
f 79/97/84 81/99/86 80/98/85
f 82/100/87 80/98/85 81/99/86
f 82/100/87 81/99/86 83/101/88
f 83/101/88 59/93/80 82/100/87
f 82/100/87 59/93/80 84/102/89
f 84/102/89 59/93/80 69/83/70
f 68/82/69 84/102/89 69/83/70
f 85/103/90 81/99/86 79/97/84
f 86/104/91 79/97/84 77/95/82
f 87/105/92 79/97/84 86/104/91
f 87/105/92 88/106/93 79/97/84
f 79/97/84 88/106/93 85/103/90
f 88/106/93 89/107/94 85/103/90
f 85/103/90 89/107/95 90/108/96
f 90/108/96 91/109/97 85/103/90
f 85/103/90 91/109/97 81/99/86
f 83/101/88 81/99/86 91/109/97
f 92/110/98 77/95/82 76/94/81
f 74/88/75 59/73/60 93/111/99
f 93/111/99 59/73/60 83/112/100
f 93/111/99 83/112/100 76/94/81
f 76/94/81 83/112/100 91/113/101
f 91/113/101 92/110/98 76/94/81
f 90/114/102 92/110/98 91/113/101
f 89/115/103 92/110/98 90/114/102
f 94/116/104 92/110/98 89/115/103
f 94/116/104 77/95/82 92/110/105
f 86/104/91 77/95/82 94/116/104
f 95/117/106 96/118/107 97/119/108
f 97/119/108 96/118/107 98/120/109
f 97/119/108 98/120/109 93/111/99
f 93/111/99 98/120/109 74/88/75
f 98/120/109 73/87/74 74/88/75
f 98/120/109 96/118/107 73/87/74
f 78/96/83 93/111/99 76/94/81
f 97/119/108 93/111/99 78/96/83
f 80/98/85 97/119/108 78/96/83
f 95/117/106 97/119/108 80/98/85
f 95/117/106 80/98/85 82/100/87
f 82/100/87 84/102/89 95/117/106
f 95/117/106 84/102/89 96/118/107
f 96/118/107 84/102/89 68/82/69
f 73/87/74 96/118/107 68/82/69
f 68/82/69 72/86/73 73/87/74
f 70/84/71 72/86/73 68/82/69
f 99/121/110 100/122/110 101/123/110
f 99/121/110 101/123/110 102/124/110
f 102/124/110 101/123/110 103/125/110
f 102/124/110 103/125/110 104/126/110
f 104/126/110 103/125/110 105/127/110
f 104/126/110 105/127/110 106/128/110
f 106/128/110 105/127/110 107/129/110
f 106/128/110 107/129/110 108/130/110
f 108/130/110 107/129/110 109/131/110
f 108/130/110 109/131/110 110/132/110
f 110/132/110 109/131/110 111/133/110
f 112/134/111 58/72/111 113/135/111
f 113/135/111 58/72/111 57/71/111
f 52/136/110 51/137/110 56/138/110
f 51/137/110 113/139/110 56/138/110
f 112/140/110 113/139/110 51/137/110
f 55/69/112 56/141/112 57/71/112
f 57/71/112 56/141/112 113/142/112
f 112/143/113 51/144/113 58/72/113
f 58/72/113 51/144/113 53/67/113
f 114/145/114 115/146/114 116/147/114
f 116/147/114 115/146/114 117/148/114
f 118/149/115 114/145/115 119/150/115
f 119/150/115 114/145/115 116/147/115
f 117/148/116 115/146/116 120/151/116
f 120/151/116 115/146/116 121/152/116
f 122/153/117 123/154/117 124/155/117
f 124/155/118 123/154/118 125/156/118
f 126/157/119 127/158/119 128/159/120
f 128/159/121 127/158/122 129/160/121
f 130/161/57 126/157/57 131/162/57
f 131/162/57 126/157/57 128/159/57
f 125/156/111 123/154/111 132/163/111
f 132/163/111 123/154/111 133/164/111
f 129/160/123 127/158/123 124/155/123
f 124/155/123 127/158/123 122/153/123
f 134/165/124 135/166/125 136/167/126
f 136/167/126 135/166/125 137/168/127
f 137/168/128 138/169/129 136/167/130
f 136/167/130 138/169/129 139/170/131
f 139/171/132 138/172/57 140/173/57
f 141/174/132 142/175/133 139/171/132
f 141/174/132 139/171/132 143/176/57
f 143/176/57 139/171/132 140/173/57
f 110/177/57 143/176/57 140/173/57
f 111/178/57 143/176/57 110/177/57
f 141/174/132 143/176/57 144/179/57
f 139/171/132 142/175/133 145/180/133
f 146/181/134 147/182/135 148/183/136
f 148/183/136 147/182/135 149/184/137
f 149/184/137 147/182/135 150/185/138
f 147/182/135 151/186/139 150/185/138
f 150/185/138 151/186/139 152/187/140
f 151/186/139 153/188/141 152/187/140
f 152/187/140 153/188/141 154/189/142
f 153/188/141 155/190/143 154/189/142
f 155/190/143 153/188/141 156/191/144
f 156/191/144 153/188/141 157/192/145
f 156/191/144 157/192/145 158/193/146
f 159/194/147 160/195/148 161/196/149
f 160/195/148 162/197/150 161/196/149
f 162/197/150 160/195/148 163/198/151
f 164/199/152 163/198/151 160/195/148
f 164/199/152 165/200/153 163/198/151
f 164/199/152 166/201/154 165/200/153
f 164/199/152 167/202/155 166/201/154
f 146/181/134 167/202/155 164/199/152
f 168/203/156 167/202/155 146/181/134
f 146/181/134 148/183/136 168/203/156
f 169/204/157 142/205/157 170/206/157
f 170/206/157 142/205/157 171/207/157
f 171/207/157 142/205/157 172/208/157
f 172/208/157 142/205/157 141/209/157
f 173/210/59 174/211/59 175/212/59
f 175/212/59 174/211/59 176/213/59
f 171/207/158 172/208/159 177/214/160
f 177/214/160 172/208/159 178/215/161
f 178/215/162 172/208/163 144/216/164
f 144/216/164 172/208/163 141/217/131
f 179/218/165 180/219/166 181/220/167
f 181/220/167 180/219/166 182/221/168
f 144/222/169 181/220/167 182/221/168
f 178/215/170 144/222/169 182/221/168
f 183/223/171 184/224/172 185/225/173
f 184/224/172 186/226/174 185/225/173
f 185/225/173 186/226/174 187/227/175
f 188/228/176 185/225/173 187/227/175
f 189/229/177 188/228/176 187/227/175
f 189/229/177 190/230/178 188/228/176
f 190/230/178 191/231/179 188/228/176
f 192/232/180 191/231/179 190/230/178
f 192/232/180 179/218/165 191/231/179
f 179/218/165 181/220/167 191/231/179
f 193/233/181 194/234/182 195/235/183
f 196/236/184 100/237/185 193/233/181
f 196/236/184 193/233/181 195/235/183
f 197/238/186 196/236/184 195/235/183
f 183/223/187 196/236/184 197/238/186
f 101/239/188 100/237/185 196/236/184
f 196/236/184 198/240/189 101/239/188
f 198/240/189 196/236/184 183/223/187
f 185/225/190 198/240/189 183/223/187
f 185/225/190 199/241/191 198/240/189
f 188/228/192 199/241/191 185/225/190
f 188/228/192 200/242/193 199/241/191
f 191/231/194 200/242/193 188/228/192
f 191/231/194 181/220/195 200/242/193
f 200/242/193 181/220/195 201/243/196
f 109/244/197 107/245/198 201/243/196
f 201/243/196 107/245/198 200/242/193
f 200/242/193 107/245/198 105/246/199
f 200/242/193 105/246/199 199/241/191
f 105/246/199 103/247/200 199/241/191
f 199/241/191 103/247/200 198/240/189
f 101/239/188 198/240/189 103/247/200
f 144/222/201 201/243/196 181/220/195
f 143/248/202 201/243/196 144/222/201
f 201/243/196 143/248/202 109/244/197
f 111/249/203 109/244/197 143/248/202
f 202/250/204 203/251/205 204/252/206
f 204/252/206 203/251/205 205/253/207
f 203/251/205 206/254/208 205/253/207
f 205/253/207 206/254/208 207/255/209
f 208/256/210 207/255/209 206/254/208
f 209/257/211 207/255/209 208/256/210
f 210/258/212 211/259/213 202/250/204
f 202/250/204 211/259/213 203/251/205
f 211/259/213 212/260/214 203/251/205
f 203/251/205 212/260/214 206/254/208
f 213/261/215 206/254/208 212/260/214
f 208/256/210 206/254/208 213/261/215
f 213/261/215 214/262/216 208/256/210
f 208/256/210 214/262/216 215/263/217
f 208/256/210 215/263/217 209/257/211
f 209/257/211 215/263/217 216/264/218
f 216/264/218 217/265/219 209/257/211
f 209/257/211 217/265/219 218/266/220
f 209/257/211 218/266/220 207/255/209
f 207/255/209 218/266/220 219/267/221
f 219/267/221 205/253/207 207/255/209
f 220/268/222 205/253/207 219/267/221
f 220/268/222 204/252/206 205/253/207
f 221/269/223 204/252/206 220/268/222
f 217/265/219 216/264/218 222/270/224
f 217/265/219 222/270/224 223/271/225
f 217/265/219 223/271/225 218/266/220
f 218/266/220 223/271/225 224/272/226
f 218/266/220 224/272/226 219/267/221
f 219/267/221 224/272/226 225/273/227
f 225/273/227 220/268/222 219/267/221
f 226/274/228 220/268/222 225/273/227
f 226/274/228 221/269/223 220/268/222
f 227/275/229 221/269/223 226/274/228
f 211/276/230 227/275/229 226/274/228
f 210/277/231 227/275/229 211/276/230
f 224/272/226 213/278/232 225/273/227
f 225/273/227 213/278/232 212/279/233
f 212/279/233 226/274/228 225/273/227
f 211/276/230 226/274/228 212/279/233
f 228/280/234 229/281/235 230/282/236
f 231/283/237 229/281/235 228/280/234
f 231/283/237 232/284/238 229/281/235
f 229/281/235 232/284/238 222/270/224
f 232/284/238 233/285/239 222/270/224
f 222/270/224 233/285/239 234/286/240
f 223/271/225 222/270/224 234/286/240
f 223/271/225 234/286/240 214/287/241
f 223/271/225 214/287/241 224/272/226
f 224/272/226 214/287/241 213/278/232
f 214/287/241 234/286/240 235/288/242
f 234/286/240 236/289/243 235/288/242
f 233/285/239 236/289/243 234/286/240
f 233/285/239 237/290/244 236/289/243
f 238/291/245 237/290/246 233/285/239
f 232/284/238 238/291/245 233/285/239
f 239/292/247 238/291/245 232/284/238
f 231/283/237 239/292/247 232/284/238
f 240/293/248 239/292/247 231/283/237
f 240/293/248 231/283/237 241/294/249
f 241/294/249 231/283/237 228/280/234
f 241/294/249 228/280/234 237/295/250
f 237/295/250 228/280/234 236/296/251
f 228/280/234 230/282/236 236/296/251
f 236/296/251 230/282/236 235/297/252
f 230/282/236 214/262/216 235/297/252
f 215/263/217 214/262/216 230/282/236
f 229/281/235 215/263/217 230/282/236
f 216/264/218 215/263/217 229/281/235
f 222/270/224 216/264/218 229/281/235
f 242/77/253 243/76/254 244/74/255
f 244/74/255 243/76/254 245/75/256
f 246/73/257 244/74/255 245/75/256
f 247/86/258 242/77/253 248/87/259
f 248/87/259 242/77/253 244/74/255
f 249/88/260 248/87/259 244/74/255
f 249/88/260 244/74/255 246/73/257
f 249/88/260 246/73/257 250/111/261
f 250/111/261 246/73/257 251/112/262
f 250/111/261 251/112/262 252/94/263
f 252/94/263 251/112/262 253/113/264
f 253/113/264 254/110/265 252/94/263
f 255/114/266 254/110/265 253/113/264
f 256/96/267 250/111/261 252/94/263
f 257/119/268 250/111/261 256/96/267
f 258/98/269 257/119/268 256/96/267
f 259/117/270 257/119/268 258/98/269
f 259/117/270 260/118/271 257/119/268
f 257/119/268 260/118/271 261/120/272
f 261/120/272 260/118/271 248/87/259
f 261/120/272 248/87/259 249/88/260
f 250/111/261 261/120/272 249/88/260
f 257/119/268 261/120/272 250/111/261
f 262/84/273 247/86/258 263/82/274
f 263/82/274 247/86/258 248/87/259
f 248/87/259 260/118/271 263/82/274
f 260/118/271 264/102/275 263/82/274
f 259/117/270 264/102/275 260/118/271
f 265/100/276 264/102/275 259/117/270
f 259/117/270 258/98/269 265/100/276
f 265/100/276 258/98/269 266/99/277
f 267/97/278 266/99/277 258/98/269
f 256/96/267 267/97/278 258/98/269
f 268/95/279 267/97/278 256/96/267
f 252/94/263 268/95/279 256/96/267
f 254/110/265 268/95/279 252/94/263
f 269/103/280 266/99/277 267/97/278
f 270/115/281 254/110/265 255/114/266
f 271/116/282 254/110/265 270/115/281
f 271/116/282 268/95/279 254/110/265
f 272/104/283 268/95/279 271/116/282
f 272/104/283 267/97/278 268/95/279
f 273/105/284 267/97/278 272/104/283
f 273/105/284 274/106/285 267/97/278
f 267/97/278 274/106/285 269/103/280
f 274/106/285 270/107/286 269/103/280
f 269/103/280 270/107/287 255/108/288
f 255/108/288 253/109/289 269/103/280
f 269/103/280 253/109/289 266/99/277
f 251/101/290 266/99/277 253/109/289
f 265/100/276 266/99/277 251/101/290
f 251/101/290 246/93/291 265/100/276
f 265/100/276 246/93/291 264/102/275
f 264/102/275 246/93/291 275/83/292
f 263/82/274 264/102/275 275/83/292
f 276/81/293 263/82/274 275/83/292
f 262/84/273 263/82/274 276/81/293
f 277/90/294 278/89/295 243/91/296
f 243/91/296 278/89/295 276/81/293
f 276/81/293 275/83/292 243/91/296
f 243/91/296 275/83/292 245/92/297
f 275/83/292 246/93/291 245/92/297
f 278/89/295 279/85/298 276/81/293
f 276/81/293 279/85/298 262/84/273
f 279/85/298 280/79/299 262/84/273
f 262/84/273 280/79/299 247/86/258
f 280/79/299 242/77/253 247/86/258
f 281/78/300 242/77/253 280/79/299
f 281/78/300 243/76/254 242/77/253
f 277/80/301 243/76/254 281/78/300
f 282/80/302 283/76/303 284/78/304
f 284/78/304 285/77/305 286/79/306
f 284/78/304 283/76/303 285/77/305
f 285/77/305 283/76/303 287/74/307
f 287/74/307 283/76/303 288/75/308
f 289/73/309 287/74/307 288/75/308
f 290/94/310 291/112/311 292/113/312
f 293/111/313 291/112/311 290/94/310
f 293/111/313 289/73/309 291/112/311
f 294/88/314 289/73/309 293/111/313
f 294/88/314 287/74/307 289/73/309
f 294/88/314 295/87/315 287/74/307
f 295/87/315 285/77/305 287/74/307
f 296/86/316 285/77/305 295/87/315
f 286/79/306 285/77/305 296/86/316
f 297/84/317 286/79/306 296/86/316
f 298/110/318 299/95/319 290/94/310
f 290/94/310 299/95/319 300/96/320
f 300/96/320 293/111/313 290/94/310
f 299/95/319 301/97/321 300/96/320
f 301/97/321 302/106/322 303/103/323
f 304/105/324 302/106/322 301/97/321
f 304/105/324 301/97/321 305/104/325
f 305/104/325 301/97/321 299/95/319
f 305/104/325 299/95/319 306/116/326
f 306/116/326 299/95/319 298/110/318
f 306/116/326 298/110/318 307/115/327
f 307/115/327 298/110/318 308/114/328
f 308/114/328 298/110/318 292/113/312
f 292/113/312 298/110/318 290/94/310
f 309/119/329 310/120/330 293/111/313
f 309/119/329 293/111/313 300/96/320
f 311/98/331 309/119/329 300/96/320
f 300/96/320 301/97/321 311/98/331
f 301/97/321 312/99/332 311/98/331
f 303/103/323 312/99/332 301/97/321
f 303/103/323 292/109/333 312/99/332
f 308/108/334 292/109/333 303/103/323
f 303/103/323 307/107/335 308/108/334
f 302/106/322 307/107/336 303/103/323
f 309/119/329 313/118/337 310/120/330
f 314/117/338 313/118/337 309/119/329
f 314/117/338 309/119/329 311/98/331
f 314/117/338 311/98/331 315/100/339
f 315/100/339 311/98/331 312/99/332
f 315/100/339 312/99/332 291/101/340
f 291/101/340 312/99/332 292/109/333
f 291/101/340 289/93/341 315/100/339
f 315/100/339 289/93/341 316/102/342
f 315/100/339 316/102/342 314/117/338
f 314/117/338 316/102/342 313/118/337
f 293/111/313 310/120/330 294/88/314
f 310/120/330 295/87/315 294/88/314
f 310/120/330 313/118/337 295/87/315
f 295/87/315 313/118/337 317/82/343
f 313/118/337 316/102/342 317/82/343
f 317/82/343 316/102/342 318/83/344
f 316/102/342 289/93/341 318/83/344
f 318/83/344 289/93/341 288/92/345
f 283/91/346 318/83/344 288/92/345
f 319/81/347 318/83/344 283/91/346
f 319/81/347 317/82/343 318/83/344
f 297/84/317 317/82/343 319/81/347
f 297/84/317 296/86/316 317/82/343
f 317/82/343 296/86/316 295/87/315
f 320/85/348 286/79/306 297/84/317
f 319/81/347 320/85/348 297/84/317
f 321/89/349 320/85/348 319/81/347
f 283/91/346 321/89/349 319/81/347
f 282/90/350 321/89/349 283/91/346
f 194/234/351 322/298/352 323/299/353
f 194/234/351 323/299/353 195/235/354
f 195/235/354 323/299/353 324/300/355
f 195/235/354 324/300/355 325/301/356
f 197/238/357 195/235/354 325/301/356
f 197/238/357 325/301/356 326/302/358
f 197/238/357 326/302/358 327/303/359
f 183/223/171 197/238/357 327/303/359
f 327/303/359 328/304/360 183/223/171
f 328/304/360 184/224/172 183/223/171
f 329/305/361 330/306/362 331/307/363
f 331/307/363 330/306/362 332/308/364
f 331/307/363 332/308/364 333/309/365
f 333/309/365 334/310/366 331/307/363
f 335/311/367 334/310/366 333/309/365
f 334/310/366 329/305/361 331/307/363
f 336/312/368 329/305/361 334/310/366
f 336/312/368 337/313/369 329/305/361
f 329/305/361 337/313/370 338/314/371
f 338/314/371 330/306/362 329/305/361
f 339/315/372 330/306/362 338/314/371
f 340/316/373 330/306/362 339/315/372
f 330/306/362 340/316/373 332/308/364
f 332/308/364 340/316/373 341/317/374
f 341/317/374 342/318/375 332/308/364
f 332/308/364 342/318/375 333/309/365
f 343/319/111 333/309/365 342/318/375
f 335/320/111 333/309/365 343/319/111
f 344/321/57 339/315/372 337/322/57
f 337/322/57 339/315/372 338/314/371
f 345/323/376 184/224/377 328/304/376
f 345/323/376 328/304/376 346/324/378
f 346/324/378 328/304/376 327/303/378
f 346/324/378 327/303/378 347/325/379
f 347/325/379 327/303/378 326/302/380
f 347/325/379 326/302/380 348/326/381
f 348/326/381 326/302/382 325/301/381
f 348/326/381 325/301/381 349/327/383
f 349/327/383 325/301/381 324/300/383
f 324/300/383 350/328/384 349/327/383
f 323/299/384 350/328/384 324/300/383
f 350/328/384 323/299/384 351/329/385
f 351/329/385 323/299/384 322/298/386
f 352/330/387 353/331/388 354/332/389
f 354/332/389 353/331/388 355/333/390
f 354/332/389 355/333/390 356/334/391
f 356/334/391 357/335/392 354/332/389
f 358/336/393 357/335/392 356/334/391
f 357/335/392 352/330/387 354/332/389
f 359/337/394 352/330/387 357/335/392
f 359/337/394 360/338/395 352/330/387
f 352/330/387 360/338/395 361/339/396
f 361/339/396 353/331/388 352/330/387
f 362/340/397 353/331/388 361/339/396
f 363/341/398 353/331/388 362/340/397
f 364/342/399 353/331/388 363/341/398
f 355/333/390 353/331/388 364/342/399
f 365/343/372 355/333/390 364/342/399
f 356/334/391 355/333/390 365/343/372
f 366/344/57 356/334/391 365/343/372
f 358/345/57 356/334/391 366/344/57
f 362/340/397 361/339/396 367/346/111
f 367/346/111 361/339/396 360/347/111
f 190/230/400 368/348/400 192/232/401
f 368/348/400 190/230/400 369/349/402
f 369/349/402 190/230/400 189/229/402
f 369/349/402 189/229/402 370/350/403
f 370/350/403 189/229/402 187/227/403
f 370/350/403 187/227/403 371/351/404
f 371/351/404 187/227/403 186/226/404
f 371/351/404 186/226/404 372/352/377
f 372/352/377 186/226/404 184/224/377
f 372/352/377 184/224/377 345/323/376
f 182/221/405 177/214/406 178/215/407
f 373/353/408 177/214/406 182/221/405
f 182/221/405 180/219/409 373/353/408
f 373/353/408 180/219/409 374/354/410
f 374/354/410 180/219/409 375/355/411
f 375/355/411 180/219/409 179/218/412
f 375/355/411 179/218/412 376/356/413
f 192/232/401 376/356/413 179/218/412
f 377/357/414 376/356/413 192/232/401
f 192/232/401 368/348/400 377/357/414
f 378/358/415 379/359/415 380/360/415
f 380/360/415 379/359/415 381/361/415
f 381/361/415 379/359/415 382/362/415
f 382/362/415 379/359/415 383/363/415
f 383/363/415 384/364/415 382/362/415
f 385/365/415 384/364/415 383/363/415
f 384/364/415 385/365/415 386/366/416
f 386/366/416 385/365/415 387/367/415
f 387/367/415 388/368/416 386/366/416
f 386/366/416 388/368/416 389/369/416
f 388/368/416 390/370/416 389/369/416
f 390/370/416 391/371/416 389/369/416
f 392/372/417 393/373/418 394/374/417
f 394/374/417 393/373/418 395/375/418
f 393/373/418 396/376/417 395/375/418
f 395/375/418 396/376/417 397/377/418
f 398/378/418 397/377/418 396/376/417
f 399/379/418 397/377/418 398/378/418
f 398/378/418 400/380/417 399/379/418
f 401/381/417 400/380/417 398/378/418
f 378/358/415 400/380/417 401/381/417
f 380/360/415 400/380/417 378/358/415
f 402/382/59 174/383/59 173/384/59
f 403/385/59 174/383/59 402/382/59
f 402/382/59 404/386/59 403/385/59
f 405/387/59 404/386/59 402/382/59
f 404/386/59 405/387/59 406/388/417
f 406/388/417 405/387/59 407/389/417
f 406/388/417 407/389/417 408/390/417
f 408/390/417 407/389/417 409/391/417
f 409/391/417 394/374/417 408/390/417
f 392/372/417 394/374/417 409/391/417
f 410/392/419 411/393/420 412/394/421
f 413/395/422 414/396/423 415/397/423
f 416/398/424 414/396/423 413/395/422
f 417/399/425 416/398/424 413/395/422
f 417/399/425 411/393/420 416/398/424
f 418/400/426 411/393/420 417/399/425
f 412/394/421 411/393/420 418/400/426
f 418/400/426 419/401/427 412/394/421
f 418/400/426 417/399/425 419/401/427
f 419/401/427 417/399/425 420/402/428
f 420/402/428 417/399/425 421/403/429
f 421/403/429 422/404/430 420/402/428
f 421/403/429 423/405/431 422/404/430
f 422/404/430 423/405/431 424/406/432
f 424/406/432 423/405/431 425/407/433
f 426/408/111 425/407/433 423/405/431
f 426/408/111 423/405/431 414/409/111
f 414/409/111 423/405/431 415/410/434
f 415/410/434 423/405/431 421/403/429
f 415/410/434 421/403/429 413/395/422
f 421/403/429 417/399/425 413/395/422
f 427/411/435 424/406/432 425/412/436
f 428/413/437 424/406/432 427/411/435
f 429/414/438 424/406/432 428/413/437
f 424/406/432 429/414/438 422/404/430
f 422/404/430 429/414/438 430/415/418
f 420/402/428 422/404/430 430/415/418
f 430/415/418 431/416/439 420/402/428
f 420/402/428 431/416/439 419/401/427
f 432/417/440 419/401/427 431/416/439
f 412/418/441 419/401/427 432/417/440
f 430/415/418 429/414/438 431/416/439
f 431/416/439 429/414/438 433/419/442
f 431/416/439 433/419/442 432/417/440
f 410/420/57 412/418/441 432/417/440
f 410/420/57 432/417/440 434/421/57
f 434/421/57 432/417/440 435/422/443
f 432/417/440 433/419/442 435/422/443
f 435/422/443 433/419/442 436/423/444
f 428/413/437 433/419/442 429/414/438
f 436/424/445 433/419/442 428/413/437
f 436/425/446 434/426/369 435/426/369
f 437/425/446 434/426/369 436/425/447
f 437/425/446 436/425/447 428/427/157
f 437/425/446 428/427/157 438/428/157
f 438/428/448 428/427/157 427/429/449
f 425/430/450 438/428/448 427/429/449
f 426/431/450 438/428/451 425/430/450
f 439/432/452 440/433/453 441/434/57
f 439/432/452 441/434/57 442/435/454
f 442/435/454 443/436/393 444/437/455
f 439/432/452 442/435/454 444/437/455
f 444/437/455 445/438/456 439/432/452
f 439/432/452 445/438/456 446/439/457
f 445/438/456 447/440/458 446/439/457
f 446/439/457 447/440/458 448/441/459
f 448/441/459 447/440/458 449/442/460
f 450/443/461 448/441/459 449/442/460
f 451/444/462 448/441/459 450/443/461
f 440/433/453 448/441/459 451/444/462
f 446/439/457 448/441/459 439/445/463
f 439/445/463 448/441/459 440/433/453
f 447/440/458 452/446/464 449/442/460
f 453/447/465 452/446/464 447/440/458
f 453/447/465 447/440/458 445/438/456
f 445/438/456 454/448/466 453/447/465
f 455/449/467 454/448/466 445/438/456
f 455/449/467 445/438/456 444/437/455
f 444/437/455 443/436/393 455/449/467
f 451/444/462 441/450/370 440/433/453
f 456/451/368 441/450/370 451/444/462
f 456/451/368 451/444/462 450/452/468
f 457/453/449 456/451/368 450/452/468
f 457/453/449 450/452/468 458/454/469
f 459/455/470 457/453/449 458/454/469
f 458/454/469 460/456/471 459/455/470
f 460/456/471 461/457/472 459/455/470
f 452/446/464 461/457/472 460/456/471
f 449/442/460 452/446/464 460/456/471
f 449/442/460 460/456/471 450/452/468
f 450/452/468 460/456/471 458/454/469
f 462/458/450 457/453/449 459/455/470
f 462/459/111 459/455/470 461/457/472
f 462/459/111 461/457/473 463/460/111
f 461/457/473 464/461/474 463/460/111
f 465/462/424 463/463/423 466/464/475
f 466/464/475 463/463/423 464/461/476
f 464/461/476 467/465/477 466/464/475
f 464/461/476 461/466/478 467/465/477
f 467/465/477 461/466/478 452/446/464
f 467/465/477 452/446/464 453/447/465
f 453/447/465 454/467/479 467/465/477
f 467/465/477 454/467/479 466/464/475
f 454/467/479 465/462/424 466/464/475
f 454/467/479 443/468/480 465/462/424
f 454/467/479 455/449/467 443/468/480
f 468/469/481 469/470/482 470/471/481
f 470/471/481 469/470/482 471/472/483
f 471/472/483 469/470/482 472/473/484
f 472/473/484 469/470/482 473/474/484
f 473/474/484 474/475/485 472/473/484
f 475/476/486 476/477/487 477/478/488
f 477/478/488 478/479/489 475/476/486
f 479/480/490 478/479/489 477/478/488
f 477/478/488 480/481/491 479/480/490
f 481/482/491 480/481/491 477/478/488
f 474/483/492 476/477/493 475/476/494
f 473/484/495 476/477/493 474/483/492
f 476/477/493 473/484/495 477/478/496
f 477/478/496 473/484/495 469/485/497
f 479/480/498 471/486/499 478/479/500
f 478/479/500 471/486/499 472/487/501
f 472/487/501 475/476/494 478/479/500
f 474/488/502 475/476/494 472/487/501
f 470/489/503 471/486/503 480/481/503
f 480/481/503 471/486/503 479/480/503
f 469/485/504 468/490/505 477/478/504
f 477/478/504 468/490/505 481/482/505
f 482/491/506 483/492/506 484/493/507
f 484/493/508 483/492/506 485/494/507
f 486/495/509 484/493/508 485/494/507
f 487/496/510 484/493/508 486/495/509
f 486/495/509 488/497/511 487/496/510
f 482/498/512 484/499/512 489/500/512
f 489/500/512 484/499/512 490/501/512
f 485/502/513 483/503/513 491/504/513
f 491/504/513 483/503/513 492/505/513
f 490/501/514 484/499/515 493/506/516
f 493/506/516 484/499/515 487/479/517
f 487/479/517 494/507/518 493/506/516
f 488/508/519 494/507/518 487/479/517
f 488/508/519 495/509/520 494/507/518
f 486/510/521 495/509/520 488/508/519
f 495/509/520 486/510/521 491/504/522
f 491/504/522 486/510/521 485/502/523
f 496/511/524 497/512/525 498/513/526
f 498/513/526 497/512/525 499/514/527
f 498/513/526 499/514/527 500/515/528
f 500/515/528 499/514/527 501/516/529
f 502/517/530 503/518/531 501/516/532
f 501/516/532 503/518/531 500/519/533
f 497/512/534 496/520/535 504/521/536
f 504/521/536 496/520/535 505/522/537
f 506/523/538 507/524/538 503/525/538
f 503/525/538 507/524/538 505/526/538
f 503/525/538 505/526/538 500/527/538
f 500/527/538 505/526/538 496/528/538
f 496/528/538 498/529/538 500/527/538
f 494/507/539 495/509/540 491/504/541
f 491/504/541 493/506/542 494/507/539
f 490/501/543 493/506/542 491/504/541
f 491/504/541 492/505/544 490/501/543
f 490/501/543 492/505/544 489/500/544
f 502/517/545 508/530/545 509/531/545
f 504/521/545 508/530/545 502/517/545
f 504/521/545 502/517/545 499/514/545
f 499/514/545 502/517/545 501/516/545
f 499/514/545 497/512/545 504/521/545
f 510/532/57 511/533/57 512/534/57
f 512/534/57 511/533/57 513/535/57
f 513/535/57 511/533/57 514/536/57
f 514/536/57 515/537/57 513/535/57
f 516/538/57 515/537/57 514/536/57
f 517/539/57 515/537/57 516/538/57
f 518/540/546 516/541/547 519/542/548
f 518/540/546 517/543/549 516/541/547
f 520/544/550 517/543/549 518/540/546
f 520/544/550 515/545/551 517/543/549
f 521/546/552 515/545/551 520/544/550
f 521/546/552 513/547/553 515/545/551
f 522/548/554 513/547/553 521/546/552
f 522/548/554 523/549/555 513/547/553
f 524/550/111 523/549/555 522/548/554
f 524/550/111 522/548/554 521/546/552
f 521/546/552 520/544/550 524/550/111
f 524/550/111 520/544/550 518/540/546
f 524/550/111 518/540/546 519/542/548
f 513/547/553 523/549/555 512/551/556
f 524/550/111 519/542/548 525/552/557
f 524/550/111 525/552/557 526/553/558
f 523/554/559 524/550/111 526/553/558
f 523/554/559 526/553/558 512/555/560
f 512/555/560 526/553/558 510/556/561
f 526/553/558 525/552/557 510/556/561
f 510/556/561 525/552/557 511/557/562
f 525/552/557 519/542/548 511/557/562
f 511/557/562 519/542/548 514/558/563
f 519/542/548 516/541/547 514/558/563
f 527/559/564 528/560/565 529/561/566
f 527/559/564 529/561/566 530/562/567
f 531/563/568 532/564/569 533/565/570
f 530/562/567 532/564/569 531/563/568
f 530/562/567 529/561/566 532/564/569
f 532/564/569 529/561/566 534/566/571
f 534/566/571 529/561/566 535/567/571
f 534/566/571 535/567/571 536/568/572
f 536/568/572 535/567/571 537/569/572
f 536/568/572 537/569/572 538/570/573
f 538/570/573 537/569/572 539/571/574
f 538/570/573 539/571/574 540/572/575
f 540/572/575 539/571/574 541/573/576
f 542/574/577 543/575/578 544/576/577
f 545/577/579 542/574/577 544/576/577
f 546/578/579 542/574/577 545/577/579
f 547/579/580 546/578/579 545/577/579
f 548/580/581 546/578/579 547/579/580
f 549/581/582 550/582/583 547/579/580
f 547/579/580 550/582/583 551/583/584
f 552/584/585 547/579/580 551/583/584
f 552/584/585 548/580/581 547/579/580
f 552/584/585 553/585/586 548/580/581
f 548/580/581 553/585/586 554/586/587
f 555/587/588 548/580/581 554/586/587
f 506/588/589 503/518/589 509/531/589
f 509/531/589 503/518/589 502/517/589
f 505/522/590 507/589/591 504/521/590
f 504/521/590 507/589/591 508/530/591
f 540/590/592 541/591/593 9/15/594
f 9/15/594 541/591/593 10/16/595
f 556/592/596 557/593/597 558/594/598
f 528/595/599 558/594/598 529/596/600
f 558/594/598 557/593/597 529/596/600
f 529/596/600 557/593/597 535/597/601
f 535/597/601 557/593/597 559/598/602
f 535/597/601 559/598/602 537/599/603
f 537/599/603 559/598/602 560/600/604
f 560/600/604 539/601/605 537/599/603
f 561/602/606 539/601/605 560/600/604
f 541/603/607 539/601/605 10/604/608
f 10/604/608 539/601/605 561/602/606
f 10/604/608 561/602/606 11/605/609
f 11/605/609 561/602/606 543/606/610
f 561/602/606 560/600/604 543/606/610
f 543/606/610 560/600/604 544/607/611
f 560/600/604 559/598/602 544/607/611
f 544/607/611 559/598/602 545/608/612
f 559/598/602 557/593/597 545/608/612
f 545/608/612 557/593/597 547/609/613
f 557/593/597 556/592/596 547/609/613
f 547/609/613 556/592/596 549/610/614
f 562/611/615 558/612/616 528/613/617
f 563/614/618 564/615/619 565/616/620
f 563/614/618 566/617/621 564/615/619
f 564/615/619 566/617/621 567/618/622
f 567/618/622 566/617/621 562/611/615
f 562/611/615 566/617/621 568/619/623
f 568/619/623 558/612/616 562/611/615
f 568/619/623 556/620/624 558/612/616
f 569/621/625 556/620/624 568/619/623
f 570/622/626 556/620/624 569/621/625
f 570/622/626 569/621/625 571/623/627
f 572/624/628 566/617/621 563/614/618
f 572/624/628 568/619/623 566/617/621
f 569/621/625 568/619/623 572/624/628
f 571/623/627 569/621/625 572/624/628
f 563/614/618 571/623/627 572/624/628
f 573/625/629 571/623/627 563/614/618
f 573/625/629 563/614/618 574/626/630
f 574/626/630 563/614/618 565/616/620
f 575/627/631 574/626/630 565/616/620
f 575/627/631 565/616/620 576/628/632
f 576/628/632 577/629/633 575/627/631
f 549/630/634 556/620/624 570/622/626
f 570/622/626 578/631/635 549/630/634
f 570/622/626 579/632/636 578/631/635
f 549/630/634 578/631/635 550/633/637
f 527/634/638 530/635/639 580/636/640
f 580/636/640 562/637/641 527/634/638
f 562/637/641 580/636/640 567/618/622
f 567/618/622 580/636/640 581/638/642
f 564/615/619 567/618/622 581/638/642
f 564/615/619 581/638/642 582/639/643
f 565/616/620 564/615/619 582/639/643
f 576/628/632 565/616/620 582/639/643
f 576/628/632 582/639/643 583/640/644
f 576/628/632 583/640/644 584/641/645
f 527/634/638 562/637/641 528/642/646
f 585/643/647 584/641/645 583/640/644
f 586/644/648 584/641/645 585/643/647
f 585/643/647 531/645/649 586/644/648
f 586/644/648 531/645/649 533/646/650
f 580/636/640 530/635/639 587/647/651
f 588/648/652 580/636/640 587/647/651
f 581/638/642 580/636/640 588/648/652
f 582/639/643 581/638/642 588/648/652
f 583/640/644 582/639/643 588/648/652
f 583/640/644 588/648/652 585/643/647
f 585/643/647 588/648/652 587/647/651
f 587/647/651 530/635/639 585/643/647
f 585/643/647 530/635/639 531/645/649
f 589/649/653 590/650/654 591/651/655
f 589/649/653 591/651/655 592/652/656
f 592/652/656 591/651/655 593/653/657
f 594/654/658 595/655/659 590/650/654
f 594/654/658 590/650/654 589/649/653
f 596/656/660 594/654/658 589/649/653
f 589/649/653 592/652/656 596/656/660
f 596/656/660 592/652/656 597/657/661
f 598/658/662 596/656/660 597/657/661
f 593/653/657 599/659/663 600/660/664
f 601/661/665 593/653/657 600/660/664
f 592/652/656 593/653/657 601/661/665
f 602/662/666 592/652/656 601/661/665
f 597/657/661 592/652/656 602/662/666
f 603/663/667 597/657/661 602/662/666
f 598/658/662 597/657/661 603/663/667
f 604/664/668 598/658/662 603/663/667
f 605/665/669 598/658/662 604/664/668
f 606/666/670 605/665/669 604/664/668
f 600/660/664 599/659/663 607/667/671
f 608/668/672 605/665/669 606/666/670
f 609/669/673 608/668/672 606/666/670
f 610/670/674 608/668/672 609/669/673
f 607/671/675 610/670/674 609/669/673
f 599/672/676 610/670/674 607/671/675
f 599/672/676 611/673/677 610/670/674
f 612/674/678 611/673/677 599/672/676
f 612/674/678 613/675/679 611/673/677
f 614/676/680 613/675/679 612/674/678
f 613/675/679 614/676/680 615/677/681
f 611/673/677 608/668/672 610/670/674
f 616/678/682 617/679/683 618/680/684
f 618/680/684 617/679/683 619/681/685
f 617/679/683 615/677/681 619/681/685
f 620/682/686 615/677/681 617/679/683
f 620/682/686 613/675/679 615/677/681
f 621/683/687 613/675/679 620/682/686
f 613/675/679 621/683/687 611/673/677
f 611/673/677 621/683/687 622/684/688
f 622/684/688 608/668/672 611/673/677
f 622/684/688 623/685/689 608/668/672
f 615/677/681 614/676/680 624/686/690
f 615/677/681 624/686/690 619/681/685
f 619/681/685 624/686/690 625/687/691
f 626/688/692 619/681/685 625/687/691
f 618/680/684 619/681/685 626/688/692
f 618/680/684 626/688/692 627/689/693
f 616/678/682 618/680/684 627/689/693
f 628/690/694 616/678/682 627/689/693
f 627/689/693 626/688/692 629/691/695
f 630/692/696 621/683/687 620/682/686
f 617/679/683 630/692/696 620/682/686
f 631/693/697 630/692/696 617/679/683
f 616/678/682 631/693/697 617/679/683
f 632/694/698 631/693/697 616/678/682
f 632/694/698 616/678/682 628/690/694
f 633/695/699 632/694/698 628/690/694
f 634/696/700 633/695/699 628/690/694
f 635/697/701 633/695/699 634/696/700
f 636/698/702 635/697/701 634/696/700
f 629/699/703 636/698/702 634/696/700
f 633/695/699 635/697/701 637/700/704
f 637/700/704 635/697/701 638/701/705
f 638/701/705 639/702/706 637/700/704
f 639/702/706 631/693/697 637/700/704
f 631/693/697 633/695/699 637/700/704
f 632/694/698 633/695/699 631/693/697
f 630/692/696 631/693/697 639/702/706
f 635/697/701 636/698/702 638/701/705
f 638/701/705 636/698/702 640/703/707
f 640/703/707 595/655/659 638/701/705
f 640/703/707 641/704/708 595/655/659
f 590/650/654 595/655/659 641/704/708
f 590/650/654 641/704/708 614/705/709
f 590/650/654 614/705/709 591/651/655
f 591/651/655 614/705/709 612/706/710
f 612/706/710 599/659/663 591/651/655
f 591/651/655 599/659/663 593/653/657
f 614/705/709 641/704/708 624/707/711
f 624/707/711 641/704/708 625/708/712
f 625/708/712 641/704/708 642/709/713
f 642/709/713 641/704/708 640/703/707
f 640/703/707 643/710/714 642/709/713
f 636/698/702 643/710/714 640/703/707
f 643/710/714 636/698/702 629/699/703
f 626/711/715 643/710/714 629/699/703
f 643/710/714 626/711/715 642/709/713
f 642/709/713 626/711/715 625/708/712
f 644/712/716 645/713/717 646/714/718
f 553/715/719 552/716/720 645/713/717
f 645/713/717 552/716/720 646/714/718
f 552/716/720 647/717/721 646/714/718
f 646/714/718 647/717/721 644/712/716
f 644/712/716 647/717/721 648/718/722
f 647/717/721 578/719/723 648/718/722
f 648/718/722 578/719/723 579/632/636
f 578/719/723 647/717/721 550/720/724
f 550/720/724 647/717/721 551/721/725
f 551/721/725 647/717/721 552/716/720
f 571/623/627 579/632/636 570/622/626
f 579/632/636 571/623/627 573/625/629
f 648/718/722 579/632/636 573/625/629
f 573/625/629 574/626/630 648/718/722
f 648/718/722 574/626/630 644/712/716
f 644/712/716 574/626/630 649/722/726
f 649/722/726 645/713/717 644/712/716
f 645/713/717 649/722/726 650/723/727
f 650/723/727 554/724/728 645/713/717
f 645/713/717 554/724/728 553/715/719
f 650/723/727 649/722/726 651/725/729
f 649/722/726 652/726/730 651/725/729
f 649/722/726 574/626/630 652/726/730
f 652/726/730 574/626/630 575/627/631
f 652/726/730 575/627/631 653/727/731
f 653/727/731 575/627/631 654/728/732
f 654/728/732 655/729/733 653/727/731
f 654/728/732 656/730/734 655/729/733
f 577/629/633 656/730/734 654/728/732
f 575/627/631 577/629/633 654/728/732
f 576/628/632 584/641/645 577/629/633
f 584/641/645 586/731/735 577/629/633
f 577/629/633 586/731/735 656/730/734
f 586/731/735 657/732/736 656/730/734
f 658/733/737 656/730/734 657/732/736
f 655/729/733 656/730/734 658/733/737
f 655/729/733 658/733/737 659/734/738
f 653/727/731 655/729/733 659/734/738
f 653/727/731 659/734/738 651/725/729
f 651/725/729 652/726/730 653/727/731
f 533/735/739 657/732/736 586/731/735
f 659/734/738 658/733/737 555/736/740
f 659/734/738 555/736/740 650/737/741
f 651/725/729 659/734/738 650/737/741
f 650/737/741 555/736/740 554/738/742
f 660/739/743 661/740/744 662/741/745
f 661/740/744 663/742/746 662/741/745
f 664/743/747 663/742/746 661/740/744
f 665/744/748 663/742/746 664/743/747
f 665/744/748 664/743/747 666/745/749
f 667/746/750 663/742/746 665/744/748
f 668/747/751 669/748/752 670/749/753
f 671/750/754 669/748/752 668/747/751
f 671/750/754 660/739/743 669/748/752
f 672/751/755 660/739/743 671/750/754
f 672/751/755 661/740/744 660/739/743
f 672/751/755 673/752/756 661/740/744
f 673/752/756 664/743/747 661/740/744
f 674/753/757 664/743/747 673/752/756
f 666/745/749 664/743/747 674/753/757
f 675/754/758 666/745/749 674/753/757
f 676/755/759 671/750/754 668/747/751
f 677/756/760 671/750/754 676/755/759
f 678/757/761 677/756/760 676/755/759
f 679/758/762 677/756/760 678/757/761
f 679/758/762 680/759/763 677/756/760
f 677/756/760 680/759/763 681/760/764
f 681/760/764 680/759/763 673/752/756
f 681/760/764 673/752/756 672/751/755
f 671/750/754 681/760/764 672/751/755
f 677/756/760 681/760/764 671/750/754
f 682/761/765 683/762/766 679/758/762
f 679/758/762 678/757/761 682/761/765
f 682/761/765 678/757/761 684/763/767
f 685/764/768 684/763/767 678/757/761
f 676/755/759 685/764/768 678/757/761
f 686/765/769 685/764/768 676/755/759
f 668/747/751 686/765/769 676/755/759
f 687/766/770 686/765/769 668/747/751
f 688/767/771 684/763/767 685/764/768
f 685/764/768 689/768/772 688/767/771
f 690/769/773 689/768/772 685/764/768
f 690/769/773 685/764/768 691/770/774
f 691/770/774 685/764/768 686/765/769
f 691/770/774 686/765/769 692/771/775
f 692/771/775 686/765/769 687/766/770
f 692/771/775 687/766/770 693/772/776
f 693/772/776 687/766/770 694/773/777
f 694/773/777 687/766/770 670/749/753
f 670/749/753 687/766/770 668/747/751
f 695/774/778 683/762/766 696/775/779
f 683/762/766 660/776/780 696/775/779
f 682/761/765 660/776/780 683/762/766
f 669/777/781 660/776/780 682/761/765
f 682/761/765 684/763/767 669/777/781
f 669/777/781 684/763/767 670/778/782
f 688/767/771 670/778/782 684/763/767
f 694/779/783 670/778/782 688/767/771
f 688/767/771 693/780/784 694/779/783
f 689/768/772 693/780/785 688/767/771
f 696/775/779 660/776/780 662/781/786
f 663/782/787 696/775/779 662/781/786
f 697/783/788 696/775/779 663/782/787
f 697/783/788 695/774/778 696/775/779
f 675/754/758 695/774/778 697/783/788
f 675/754/758 674/753/757 695/774/778
f 695/774/778 674/753/757 673/752/756
f 673/752/756 680/759/763 695/774/778
f 680/759/763 683/762/766 695/774/778
f 679/758/762 683/762/766 680/759/763
f 698/784/789 666/745/749 675/754/758
f 697/783/788 698/784/789 675/754/758
f 699/785/790 698/784/789 697/783/788
f 663/782/787 699/785/790 697/783/788
f 667/786/791 699/785/790 663/782/787
f 700/787/792 701/788/793 702/789/794
f 703/790/795 701/788/793 700/787/792
f 703/790/795 700/787/792 704/791/796
f 704/791/796 700/787/792 135/166/797
f 705/792/798 706/793/799 707/794/800
f 707/794/800 706/793/799 708/795/801
f 708/795/801 709/796/802 707/794/800
f 710/797/803 709/796/802 708/795/801
f 709/796/802 710/797/803 711/798/804
f 711/798/804 710/797/803 712/799/805
f 713/800/806 711/798/804 712/799/805
f 714/801/807 711/798/804 713/800/806
f 713/800/806 702/789/794 714/801/807
f 714/801/807 702/789/794 701/788/793
f 715/802/808 716/803/809 717/804/810
f 718/805/811 716/803/809 715/802/808
f 715/802/808 719/806/812 718/805/811
f 720/807/813 719/806/812 715/802/808
f 719/806/812 720/807/813 721/808/814
f 721/808/814 720/807/813 722/809/814
f 723/810/815 721/808/814 722/809/814
f 724/811/816 721/808/814 723/810/815
f 723/810/815 705/792/798 724/811/816
f 706/793/799 705/792/798 723/810/815
f 351/812/817 725/813/818 391/814/819
f 391/814/819 725/813/818 726/815/820
f 727/816/821 726/815/820 725/813/818
f 728/817/822 726/815/820 727/816/821
f 727/816/821 729/818/823 728/817/822
f 728/817/822 729/818/823 730/819/824
f 729/818/823 731/820/825 730/819/824
f 730/819/824 731/820/825 732/821/826
f 731/820/825 717/804/810 732/821/826
f 732/821/826 717/804/810 716/803/809
f 548/822/827 733/823/828 546/824/829
f 546/824/829 733/823/828 734/825/830
f 733/823/828 534/826/831 734/825/830
f 534/826/831 536/827/832 734/825/830
f 734/825/830 536/827/832 735/828/833
f 538/829/834 735/828/833 536/827/832
f 736/830/835 735/828/833 538/829/834
f 736/830/835 538/829/834 9/831/836
f 11/832/837 736/830/835 9/831/836
f 543/833/838 736/830/835 11/832/837
f 543/833/838 735/828/833 736/830/835
f 542/834/839 735/828/833 543/833/838
f 542/834/839 734/825/830 735/828/833
f 546/824/829 734/825/830 542/834/839
f 9/831/836 538/829/834 540/835/840
f 737/836/841 738/837/841 739/838/842
f 740/839/843 738/837/841 737/836/841
f 737/836/841 741/840/841 740/839/843
f 740/839/843 741/840/841 742/841/844
f 743/842/845 744/843/846 745/844/847
f 746/845/848 744/843/846 743/842/845
f 746/845/848 743/842/845 747/846/849
f 747/846/849 743/842/845 748/847/850
f 747/846/849 748/847/850 27/35/26
f 27/35/26 748/847/850 749/848/851
f 13/19/9 15/21/11 27/35/26
f 27/35/26 15/21/11 747/846/849
f 15/21/11 17/23/13 747/846/849
f 747/846/849 17/23/13 746/845/848
f 17/23/13 19/25/15 746/845/848
f 746/845/848 19/25/15 744/843/846
f 19/25/15 20/26/16 744/843/846
f 744/843/846 20/26/16 27/849/852
f 744/843/846 27/849/852 745/844/847
f 745/844/847 27/849/852 749/850/853
f 145/851/480 136/167/480 139/852/480
f 134/165/480 136/167/480 145/851/480
f 134/165/480 145/851/480 750/853/480
f 750/853/480 145/851/480 751/854/480
f 532/855/854 534/826/831 733/823/828
f 555/856/855 658/857/856 548/822/827
f 548/822/827 658/857/856 733/823/828
f 657/858/857 733/823/828 658/857/856
f 532/855/854 733/823/828 657/858/857
f 533/859/858 532/855/854 657/858/857
f 751/860/111 752/861/111 750/862/111
f 753/863/111 752/861/111 751/860/111
f 751/860/111 157/864/111 753/863/111
f 169/865/111 157/864/111 751/860/111
f 157/864/111 169/865/111 158/866/111
f 169/865/111 170/867/111 158/866/111
f 754/868/859 755/869/860 756/870/861
f 757/871/862 758/872/863 759/873/864
f 759/873/864 758/872/863 760/874/865
f 755/869/860 759/873/864 760/874/865
f 761/875/866 759/873/864 755/869/860
f 754/868/859 761/875/866 755/869/860
f 762/876/867 761/875/866 754/868/859
f 762/876/867 754/868/859 763/877/868
f 763/877/868 754/868/859 764/878/869
f 754/868/859 756/870/861 764/878/869
f 764/878/869 756/870/861 765/879/870
f 766/880/871 767/881/872 758/872/863
f 758/872/863 767/881/872 768/882/873
f 758/872/863 768/882/873 760/874/865
f 768/882/873 767/881/872 769/883/874
f 769/883/874 767/881/872 770/884/875
f 770/884/875 771/885/876 772/886/877
f 773/887/878 771/885/876 770/884/875
f 767/881/872 773/887/878 770/884/875
f 765/888/879 773/887/878 767/881/872
f 767/881/872 764/889/880 765/888/879
f 766/880/871 764/889/880 767/881/872
f 766/880/871 763/890/881 764/889/880
f 774/891/882 763/890/881 766/880/871
f 774/891/882 766/880/871 757/871/862
f 757/871/862 766/880/871 758/872/863
f 756/870/861 755/869/860 775/892/883
f 755/869/860 760/874/865 775/892/883
f 775/892/883 760/874/865 776/893/884
f 760/874/865 768/882/873 776/893/884
f 776/893/884 768/882/873 777/894/885
f 777/894/885 768/882/873 769/883/874
f 777/894/885 769/883/874 778/895/886
f 778/895/886 769/883/874 779/896/887
f 769/883/874 770/884/875 779/896/887
f 779/896/887 770/884/875 772/886/877
f 765/879/870 756/870/861 773/897/888
f 773/897/888 756/870/861 780/898/889
f 773/897/888 780/898/889 771/899/890
f 771/899/890 780/898/889 781/900/891
f 780/898/889 782/901/892 781/900/891
f 783/902/893 782/901/892 780/898/889
f 783/902/893 778/895/886 782/901/892
f 777/894/885 778/895/886 783/902/893
f 775/892/883 777/894/885 783/902/893
f 776/893/884 777/894/885 775/892/883
f 775/892/883 783/902/893 756/870/861
f 756/870/861 783/902/893 780/898/889
f 784/903/894 785/904/895 786/905/896
f 784/903/894 787/906/897 785/904/895
f 784/903/894 788/907/898 787/906/897
f 789/908/899 788/907/898 784/903/894
f 789/908/899 790/909/900 788/907/898
f 789/908/899 791/910/901 790/909/900
f 789/908/899 792/911/902 791/910/901
f 789/908/899 160/912/903 792/911/902
f 793/913/904 792/911/902 160/912/903
f 160/912/903 794/914/905 793/913/904
f 159/915/906 794/914/905 160/912/903
f 601/916/416 603/917/416 602/918/907
f 600/919/415 603/917/416 601/916/416
f 600/919/415 607/920/59 603/917/416
f 603/917/416 607/920/59 604/921/908
f 604/921/908 607/920/59 606/922/909
f 606/922/909 607/920/59 609/923/909
f 621/683/687 795/924/910 622/684/688
f 622/684/688 795/924/910 623/685/689
f 795/924/910 796/925/911 623/685/689
f 623/685/689 796/925/911 797/926/912
f 796/925/911 798/927/913 797/926/912
f 798/927/913 796/925/911 799/928/914
f 799/928/914 796/925/911 639/702/706
f 796/925/911 795/924/910 639/702/706
f 639/702/706 795/924/910 630/692/696
f 795/924/910 621/683/687 630/692/696
f 608/668/672 623/685/689 605/665/669
f 623/685/689 598/658/662 605/665/669
f 797/926/912 598/658/662 623/685/689
f 797/926/912 596/656/660 598/658/662
f 797/926/912 798/927/913 596/656/660
f 798/927/913 594/654/658 596/656/660
f 798/927/913 799/928/914 594/654/658
f 594/654/658 799/928/914 595/655/659
f 638/701/705 595/655/659 799/928/914
f 799/928/914 639/702/706 638/701/705
f 800/929/111 801/930/111 802/931/111
f 802/931/111 801/930/111 803/932/111
f 800/929/480 804/933/480 801/934/480
f 804/933/480 805/935/480 801/934/480
f 806/936/480 801/934/480 805/935/480
f 807/937/915 752/938/916 753/939/917
f 753/939/917 808/940/918 807/937/915
f 807/937/915 808/940/918 809/941/919
f 808/940/918 810/942/920 809/941/919
f 808/940/918 811/943/921 810/942/920
f 812/944/922 811/943/921 808/940/918
f 812/944/922 813/945/923 811/943/921
f 786/905/896 813/945/923 812/944/922
f 814/946/924 813/945/923 786/905/896
f 786/905/896 785/904/895 814/946/924
f 815/947/925 816/948/926 817/949/927
f 817/949/927 816/948/926 818/950/928
f 816/948/926 819/951/929 818/950/928
f 820/952/930 819/951/929 816/948/926
f 821/953/931 819/951/929 820/952/930
f 821/953/931 820/952/930 822/954/932
f 822/954/932 820/952/930 823/955/933
f 824/956/934 822/954/932 823/955/933
f 824/956/934 823/955/933 825/957/935
f 825/957/935 823/955/933 826/958/936
f 825/957/935 826/958/936 827/959/937
f 826/958/936 828/960/938 827/959/937
f 138/961/939 828/960/938 826/958/936
f 137/168/940 828/960/938 138/961/939
f 372/352/941 345/323/942 378/358/943
f 378/358/943 345/323/942 379/359/944
f 345/323/942 383/363/945 379/359/944
f 346/324/946 383/363/945 345/323/942
f 383/363/945 346/324/946 385/365/947
f 385/365/947 346/324/946 347/325/948
f 385/365/947 347/325/948 387/367/949
f 387/367/949 347/325/948 348/326/950
f 387/367/949 348/326/950 388/368/951
f 388/368/951 348/326/950 349/327/952
f 349/327/952 390/370/953 388/368/951
f 350/328/954 390/370/953 349/327/952
f 390/370/953 350/328/954 391/371/955
f 391/371/955 350/328/954 351/329/956
f 802/931/157 803/962/157 829/963/157
f 829/963/157 803/962/157 830/964/157
f 803/962/157 831/965/157 830/964/157
f 800/929/59 802/931/59 804/933/59
f 804/933/59 802/931/59 829/963/59
f 832/966/957 833/967/957 834/968/957
f 834/968/957 833/967/957 835/969/957
f 836/970/958 837/971/958 838/972/958
f 838/972/958 837/971/958 839/973/958
f 836/970/57 838/972/57 840/974/57
f 840/974/57 838/972/57 841/975/57
f 835/969/111 833/967/111 842/976/111
f 842/976/111 833/967/111 843/977/111
f 839/973/59 837/971/59 834/968/59
f 834/968/59 837/971/59 832/966/59
f 44/978/959 42/979/960 844/980/961
f 844/980/961 42/979/960 845/981/962
f 42/979/960 846/982/963 845/981/962
f 45/983/964 846/982/963 42/979/960
f 48/984/965 44/978/959 847/985/966
f 847/985/966 44/978/959 844/980/961
f 847/985/966 844/980/961 848/986/967
f 848/986/968 844/980/961 849/987/969
f 844/980/961 845/981/962 849/987/969
f 849/987/969 845/981/962 850/988/970
f 845/981/962 851/989/971 850/988/970
f 846/982/963 851/989/971 845/981/962
f 846/982/963 848/990/972 851/989/971
f 847/991/973 848/990/972 846/982/963
f 45/983/964 847/991/973 846/982/963
f 48/992/974 847/991/973 45/983/964
f 377/357/975 368/348/976 392/372/977
f 392/372/977 368/348/976 393/373/978
f 369/349/979 393/373/978 368/348/976
f 396/376/980 393/373/978 369/349/979
f 369/349/979 370/350/981 396/376/980
f 396/376/980 370/350/981 398/378/982
f 370/350/981 401/381/983 398/378/982
f 371/351/983 401/381/983 370/350/981
f 372/352/941 401/381/983 371/351/983
f 378/358/943 401/381/983 372/352/941
f 373/353/984 173/384/985 177/214/986
f 402/382/987 173/384/985 373/353/984
f 373/353/984 405/387/988 402/382/987
f 374/354/989 405/387/988 373/353/984
f 405/387/988 374/354/989 407/389/990
f 407/389/990 374/354/989 375/355/991
f 375/355/991 409/391/992 407/389/990
f 376/356/993 409/391/992 375/355/991
f 377/357/975 409/391/992 376/356/993
f 392/372/977 409/391/992 377/357/975
f 152/187/994 394/374/995 150/185/996
f 408/390/997 394/374/995 152/187/994
f 152/187/994 406/388/998 408/390/997
f 154/189/999 406/388/998 152/187/994
f 406/388/998 154/189/999 404/386/1000
f 404/386/1000 154/189/999 155/190/1001
f 404/386/1000 155/190/1001 403/385/1002
f 403/385/1002 155/190/1001 156/191/1003
f 156/191/1003 158/193/1004 403/385/1002
f 403/385/1002 158/193/1004 174/383/1005
f 166/201/1006 167/202/1007 380/360/1008
f 380/360/1008 167/202/1007 400/380/1009
f 167/202/1007 168/203/1010 400/380/1009
f 400/380/1009 168/203/1010 399/379/1011
f 148/183/1012 399/379/1011 168/203/1010
f 397/377/1013 399/379/1011 148/183/1012
f 148/183/1012 149/184/1014 397/377/1013
f 397/377/1013 149/184/1014 395/375/1015
f 150/185/996 395/375/1015 149/184/1014
f 394/374/995 395/375/1015 150/185/996
f 159/194/1016 386/366/1017 389/369/1018
f 161/196/1019 386/366/1017 159/194/1016
f 161/196/1019 384/364/1020 386/366/1017
f 162/197/1021 384/364/1020 161/196/1019
f 162/197/1021 382/362/1022 384/364/1020
f 163/198/1023 382/362/1022 162/197/1021
f 163/198/1023 165/200/1024 382/362/1022
f 382/362/1022 165/200/1024 381/361/1025
f 166/201/1006 381/361/1025 165/200/1024
f 380/360/1008 381/361/1025 166/201/1006
f 748/993/1026 743/994/1027 852/995/1028
f 852/995/1028 743/994/1027 853/996/1029
f 743/994/1027 854/997/1030 853/996/1029
f 745/998/1031 854/997/1030 743/994/1027
f 749/999/1032 748/993/1026 855/1000/1033
f 855/1000/1033 748/993/1026 852/995/1028
f 855/1000/1033 852/995/1028 856/1001/1034
f 856/1001/1035 852/995/1028 857/1002/1036
f 852/995/1028 853/996/1029 857/1002/1036
f 857/1002/1036 853/996/1029 858/1003/1037
f 853/996/1029 859/1004/1038 858/1003/1037
f 854/997/1030 859/1004/1038 853/996/1029
f 854/997/1030 856/1005/1039 859/1004/1038
f 855/1006/1040 856/1005/1039 854/997/1030
f 745/998/1031 855/1006/1040 854/997/1030
f 749/1007/1041 855/1006/1040 745/998/1031
f 137/168/1042 135/166/1043 828/960/1044
f 828/960/1044 135/166/1043 700/787/1045
f 828/960/1044 700/787/1045 827/959/1046
f 827/959/1046 700/787/1045 702/789/1047
f 702/789/1047 713/800/1048 827/959/1046
f 827/959/1046 713/800/1048 825/957/1049
f 713/800/1048 712/799/1050 825/957/1049
f 825/957/1049 712/799/1050 824/956/1051
f 824/956/1051 712/799/1050 710/797/1052
f 708/795/1053 824/956/1051 710/797/1052
f 822/954/1053 824/956/1051 708/795/1053
f 708/795/1053 706/793/1054 822/954/1053
f 822/954/1053 706/793/1054 821/953/1054
f 706/793/1054 723/810/1055 821/953/1054
f 821/953/1054 723/810/1055 819/951/1055
f 723/810/1055 722/809/1056 819/951/1055
f 819/951/1055 722/809/1056 818/950/1056
f 722/809/1056 720/807/1057 818/950/1056
f 818/950/1056 720/807/1057 817/949/1057
f 720/807/1057 715/802/1058 817/949/1057
f 817/949/1057 715/802/1058 860/1008/1058
f 715/802/1058 717/804/1059 860/1008/1058
f 860/1008/1058 717/804/1059 861/1009/1059
f 717/804/1059 731/820/1060 861/1009/1059
f 861/1009/1059 731/820/1060 862/1010/1060
f 731/820/1060 729/818/1061 862/1010/1060
f 862/1010/1060 729/818/1061 863/1011/1061
f 729/818/1061 727/816/1062 863/1011/1061
f 863/1011/1061 727/816/1062 864/1012/1062
f 725/813/1063 864/1012/1062 727/816/1062
f 865/1013/1063 864/1012/1062 725/813/1063
f 725/813/1063 351/812/1064 865/1013/1063
f 865/1013/1063 351/812/1064 322/1014/1064
f 750/1015/1065 866/1016/1066 134/165/1067
f 134/165/1067 866/1016/1066 867/1017/1068
f 704/1018/1069 135/166/1070 867/1017/1071
f 867/1017/1071 135/166/1070 134/165/1072
f 868/1019/1073 866/1016/1074 752/1020/1075
f 752/1020/1075 866/1016/1074 750/1015/1076
f 869/1021/1077 811/943/1078 813/945/1079
f 870/1022/1080 811/943/1078 869/1021/1077
f 870/1022/1080 871/1023/1081 811/943/1078
f 811/943/1078 871/1023/1081 810/942/1082
f 872/1024/1083 810/942/1082 871/1023/1081
f 809/941/1084 810/942/1082 872/1024/1083
f 873/1025/1085 809/941/1084 872/1024/1083
f 807/937/1086 809/941/1084 873/1025/1085
f 807/937/1086 873/1025/1085 752/938/1087
f 752/938/1087 873/1025/1085 868/1026/1088
f 790/909/1089 874/1027/1090 788/907/1091
f 788/907/1091 874/1027/1090 875/1028/1092
f 788/907/1091 875/1028/1092 787/906/1093
f 787/906/1093 875/1028/1092 876/1029/1094
f 876/1029/1094 785/904/1095 787/906/1093
f 877/1030/1096 785/904/1095 876/1029/1094
f 785/904/1095 877/1030/1096 814/946/1097
f 814/946/1097 877/1030/1096 878/1031/1098
f 878/1031/1098 813/945/1079 814/946/1097
f 869/1021/1077 813/945/1079 878/1031/1098
f 389/1032/1099 879/1033/1100 159/915/1101
f 159/915/1101 879/1033/1100 794/914/1102
f 879/1033/1100 880/1034/1103 794/914/1102
f 794/914/1102 880/1034/1103 793/913/1104
f 880/1034/1103 881/1035/1105 793/913/1104
f 793/913/1104 881/1035/1105 792/911/1106
f 792/911/1106 881/1035/1105 791/910/1107
f 791/910/1107 881/1035/1105 882/1036/1108
f 882/1036/1108 790/909/1089 791/910/1107
f 874/1027/1090 790/909/1089 882/1036/1108
f 704/1018/59 867/1017/59 868/1019/59
f 868/1019/59 867/1017/59 866/1016/59
f 142/1037/59 169/865/59 145/1038/59
f 145/1038/59 169/865/59 751/860/59
f 173/210/1109 175/212/1110 177/214/1111
f 177/214/1111 175/212/1110 171/207/1112
f 176/213/1113 171/207/1112 175/212/1110
f 170/1039/1114 171/207/1112 176/213/1113
f 193/1040/1115 883/1041/1116 194/1042/1117
f 884/1043/1118 883/1041/1116 193/1040/1115
f 885/1044/1119 883/1041/1116 884/1043/1118
f 884/1043/1118 815/947/1120 885/1044/1119
f 886/1045/1121 815/947/1120 884/1043/1118
f 816/948/1122 815/947/1120 886/1045/1121
f 887/1046/1123 816/948/1122 886/1045/1121
f 820/952/1124 816/948/1122 887/1046/1123
f 888/1047/1125 820/952/1124 887/1046/1123
f 823/955/1126 820/952/1124 888/1047/1125
f 889/1048/1127 106/1049/1128 108/1050/1129
f 888/1047/1125 106/1049/1128 889/1048/1127
f 888/1047/1125 104/1051/1130 106/1049/1128
f 888/1047/1125 887/1046/1123 104/1051/1130
f 104/1051/1130 887/1046/1123 102/1052/1131
f 887/1046/1123 886/1045/1121 102/1052/1131
f 886/1045/1121 99/1053/1132 102/1052/1131
f 884/1043/1118 99/1053/1132 886/1045/1121
f 884/1043/1118 100/1054/1133 99/1053/1132
f 193/1040/1115 100/1054/1133 884/1043/1118
f 823/955/1126 888/1047/1125 826/958/1134
f 826/958/1134 888/1047/1125 889/1048/1127
f 889/1048/1127 138/961/1135 826/958/1134
f 140/1055/1136 138/961/1135 889/1048/1127
f 889/1048/1127 108/1050/1129 140/1055/1136
f 110/1056/1137 140/1055/1136 108/1050/1129
f 726/815/416 389/1032/416 391/814/416
f 728/817/416 389/1032/416 726/815/416
f 389/1032/416 728/817/416 879/1033/416
f 879/1033/416 728/817/416 730/819/1138
f 732/821/1138 879/1033/416 730/819/1138
f 880/1034/1138 879/1033/416 732/821/1138
f 732/821/1138 716/803/1138 880/1034/1138
f 880/1034/1138 716/803/1138 881/1035/1138
f 718/805/1138 881/1035/1138 716/803/1138
f 882/1036/1138 881/1035/1138 718/805/1138
f 882/1036/1138 718/805/1138 874/1027/1138
f 874/1027/1138 718/805/1138 719/806/1138
f 719/806/1138 875/1028/908 874/1027/1138
f 721/808/908 875/1028/908 719/806/1138
f 721/808/908 724/811/909 875/1028/908
f 875/1028/908 724/811/909 876/1029/909
f 724/811/909 877/1030/909 876/1029/909
f 705/792/908 877/1030/909 724/811/909
f 877/1030/909 705/792/908 878/1031/909
f 878/1031/909 705/792/908 707/794/909
f 878/1031/909 707/794/909 869/1021/908
f 869/1021/908 707/794/909 709/796/908
f 709/796/908 711/798/908 869/1021/908
f 869/1021/908 711/798/908 870/1022/908
f 714/801/908 870/1022/908 711/798/908
f 871/1023/908 870/1022/908 714/801/908
f 701/788/59 871/1023/908 714/801/908
f 872/1024/59 871/1023/908 701/788/59
f 701/788/59 703/790/59 872/1024/59
f 872/1024/59 703/790/59 873/1025/59
f 703/790/59 868/1026/59 873/1025/59
f 704/791/59 868/1026/59 703/790/59
f 170/1039/1139 176/213/1140 158/1057/1141
f 158/1057/1141 176/213/1140 174/211/1142
f 763/1058/1143 774/1059/1144 762/1060/1145
f 774/1059/1144 757/1061/1146 762/1060/1145
f 762/1060/1145 757/1061/1146 761/1062/1147
f 757/1061/1146 759/1063/1148 761/1062/1147
f 771/1064/1149 781/1065/1150 772/1066/1151
f 781/1065/1150 782/1067/1152 772/1066/1151
f 772/1066/1151 782/1067/1152 779/1068/1153
f 782/1067/1152 778/1069/1154 779/1068/1153
f 890/1070/1155 740/1071/1155 891/1072/1156
f 891/1072/1156 740/1071/1155 742/1073/1157
f 742/1073/1157 892/1074/1158 891/1072/1156
f 741/1075/1159 892/1074/1158 742/1073/1157
f 737/1076/1160 892/1074/1158 741/1075/1159
f 893/1077/1161 892/1074/1158 737/1076/1160
f 739/1078/1162 893/1077/1161 737/1076/1160
f 894/1079/1163 893/1077/1161 739/1078/1162
f 738/1080/1164 894/1079/1163 739/1078/1162
f 895/1081/1165 894/1079/1163 738/1080/1164
f 895/1081/1165 738/1080/1164 890/1082/1166
f 890/1082/1166 738/1080/1164 740/1083/1167
f 896/1084/1168 897/1085/1169 898/1086/1170
f 898/1086/1170 897/1085/1169 899/1087/1171
f 900/933/1172 901/963/1172 899/1087/1172
f 899/1087/1172 901/963/1172 898/1086/1172
f 902/929/1173 903/930/1173 904/931/1173
f 904/931/1173 903/930/1173 905/932/1173
f 899/935/1174 897/936/1175 900/933/1176
f 897/936/1175 903/1088/1177 900/933/1176
f 902/929/1178 900/933/1179 903/1088/1180
f 194/1042/1181 865/1013/1182 322/1014/1183
f 883/1041/1184 865/1013/1182 194/1042/1181
f 864/1012/1185 865/1013/1182 883/1041/1184
f 883/1041/1184 863/1011/1186 864/1012/1185
f 885/1044/1187 863/1011/1186 883/1041/1184
f 885/1044/1187 862/1010/1188 863/1011/1186
f 885/1044/1187 861/1009/1189 862/1010/1188
f 815/947/925 861/1009/1189 885/1044/1187
f 861/1009/1189 815/947/925 860/1008/1190
f 860/1008/1190 815/947/925 817/949/927
f 904/931/157 905/1089/157 901/963/157
f 901/963/157 905/1089/157 898/964/157
f 905/1089/157 896/965/157 898/964/157
f 904/931/1191 901/963/1192 902/929/1193
f 902/929/1193 901/963/1192 900/933/1194
f 830/1086/110 831/1084/110 805/1087/110
f 805/1087/110 831/1084/110 806/1085/110
f 804/933/1172 829/963/1172 805/1087/1172
f 805/1087/1172 829/963/1172 830/1086/1172
f 160/1090/59 789/1091/59 164/1092/59
f 784/1093/59 164/1092/59 789/1091/59
f 146/1094/59 164/1092/59 784/1093/59
f 786/1095/59 146/1094/59 784/1093/59
f 147/1096/59 146/1094/59 786/1095/59
f 812/1097/59 147/1096/59 786/1095/59
f 151/1098/59 147/1096/59 812/1097/59
f 808/1099/59 151/1098/59 812/1097/59
f 153/1100/59 151/1098/59 808/1099/59
f 753/863/59 153/1100/59 808/1099/59
f 157/864/59 153/1100/59 753/863/59
